_id,question_dictionary,course_title,course_code,difficulty,q_type,question_point
608a7bf86193ec3fde12e1d0,{'dummy question': 'dummy'},Ict,swe111,Hard,mcq,16.405594134763376
608a7bf86193ec3fde12e1d1,{'dummy question': 'dummy'},Ict,swe111,Easy,mcq,37.98281369361996
608a7bf86193ec3fde12e1d2,{'dummy question': 'dummy'},Ict,swe111,Medium,mcq,22.4281291454129
608a7bf86193ec3fde12e1d3,{'dummy question': 'dummy'},Ict,swe111,Medium,mcq,29.171238113441966
608a7bf86193ec3fde12e1d4,{'dummy question': 'dummy'},Ict,swe111,Hard,mcq,16.10916613749721
608a7bf86193ec3fde12e1d5,{'dummy question': 'dummy'},Ict,swe111,Medium,mcq,19.920146142827072
608a7bf86193ec3fde12e1d6,{'dummy question': 'dummy'},Ict,swe111,Hard,mcq,15.914210851269335
608a7bf86193ec3fde12e1d7,{'dummy question': 'dummy'},Ict,swe111,Easy,mcq,35.10609566713396
608a7bf86193ec3fde12e1d8,{'dummy question': 'dummy'},Ict,swe111,Easy,mcq,36.55454113241708
608a7bf86193ec3fde12e1d9,{'dummy question': 'dummy'},Ict,swe111,Medium,mcq,21.67398157243891
608a7bf86193ec3fde12e1da,{'dummy question': 'dummy'},Ict,swe111,Easy,mcq,31.753796724348362
608a7bf86193ec3fde12e1db,{'dummy question': 'dummy'},Ict,swe111,Medium,mcq,28.134877942063024
608a7bf86193ec3fde12e1dc,{'dummy question': 'dummy'},Ict,swe111,Hard,mcq,14.741948148323942
608a7bf86193ec3fde12e1dd,{'dummy question': 'dummy'},Ict,swe111,Hard,mcq,15.54233112386174
608a7bf86193ec3fde12e1de,{'dummy question': 'dummy'},Ict,swe111,Medium,mcq,21.48188155152296
608a7bf86193ec3fde12e1df,{'dummy question': 'dummy'},Ict,swe111,Hard,mcq,16.118856568394797
608a7bf86193ec3fde12e1e0,{'dummy question': 'dummy'},Ict,swe111,Easy,mcq,34.83364883020554
608a7bf86193ec3fde12e1e1,{'dummy question': 'dummy'},Ict,swe111,Easy,mcq,32.75592853102519
608a7bf86193ec3fde12e1e2,{'dummy question': 'dummy'},Ict,swe111,Easy,mcq,39.63869948855019
608a7bf86193ec3fde12e1e3,{'dummy question': 'dummy'},Ict,swe111,Hard,mcq,15.551706937217286
608a7bf86193ec3fde12e1e4,{'dummy question': 'dummy'},Ict,swe111,Hard,mcq,10.914543907858011
608a7bf86193ec3fde12e1e5,{'dummy question': 'dummy'},Ict,swe111,Easy,mcq,32.6168036850745
608a7bf86193ec3fde12e1e6,{'dummy question': 'dummy'},Ict,swe111,Easy,mcq,32.36441424885473
608a7bf86193ec3fde12e1e7,{'dummy question': 'dummy'},Ict,swe111,Medium,mcq,22.570587500204606
608a7bf86193ec3fde12e1e8,{'dummy question': 'dummy'},Ict,swe111,Hard,mcq,11.37528038114445
608a7bf86193ec3fde12e1e9,{'dummy question': 'dummy'},Ict,swe111,Easy,mcq,30.14433804589312
608a7bf86193ec3fde12e1ea,{'dummy question': 'dummy'},Ict,swe111,Easy,mcq,30.968413605031408
608a7bf86193ec3fde12e1eb,{'dummy question': 'dummy'},Ict,swe111,Hard,mcq,16.552224733714898
608a7bf86193ec3fde12e1ec,{'dummy question': 'dummy'},Ict,swe111,Medium,mcq,26.960166443299947
608a7bf86193ec3fde12e1ed,{'dummy question': 'dummy'},Ict,swe111,Medium,mcq,22.927681865245273
608a7bf86193ec3fde12e1ee,{'dummy question': 'dummy'},Ict,swe111,Medium,mcq,24.72689384427014
608a7bf86193ec3fde12e1ef,{'dummy question': 'dummy'},Ict,swe111,Hard,mcq,12.287058408261355
608a7bf86193ec3fde12e1f0,{'dummy question': 'dummy'},Ict,swe111,Hard,mcq,16.617154285955333
608a7bf86193ec3fde12e1f1,{'dummy question': 'dummy'},Ict,swe111,Easy,mcq,35.97933891604683
608a7bf86193ec3fde12e1f2,{'dummy question': 'dummy'},Ict,swe111,Easy,mcq,38.759374871654934
608a7bf86193ec3fde12e1f3,{'dummy question': 'dummy'},Ict,swe111,Medium,mcq,26.97905881412173
608a7bf86193ec3fde12e1f4,{'dummy question': 'dummy'},Ict,swe111,Medium,mcq,26.224620130016163
608a7bf86193ec3fde12e1f5,{'dummy question': 'dummy'},Ict,swe111,Hard,mcq,16.860808140051454
608a7bf86193ec3fde12e1f6,{'dummy question': 'dummy'},Ict,swe111,Medium,mcq,23.189404792790384
608a7bf86193ec3fde12e1f7,{'dummy question': 'dummy'},Ict,swe111,Medium,mcq,25.35390074672366
608a7bf86193ec3fde12e1f8,{'dummy question': 'dummy'},Ict,swe111,Hard,mcq,14.050004744746822
608a7bf86193ec3fde12e1f9,{'dummy question': 'dummy'},Ict,swe111,Medium,mcq,19.712440300498628
608a7bf86193ec3fde12e1fa,{'dummy question': 'dummy'},Ict,swe111,Medium,mcq,19.785306363790106
608a7bf86193ec3fde12e1fb,{'dummy question': 'dummy'},Ict,swe111,Easy,mcq,34.4801602071826
608a7bf86193ec3fde12e1fc,{'dummy question': 'dummy'},Ict,swe111,Medium,mcq,22.4266326339431
608a7bf86193ec3fde12e1fd,{'dummy question': 'dummy'},Ict,swe111,Medium,mcq,27.869132124124235
608a7bf86193ec3fde12e1fe,{'dummy question': 'dummy'},Ict,swe111,Easy,mcq,30.675152139574113
608a7bf86193ec3fde12e1ff,{'dummy question': 'dummy'},Ict,swe111,Easy,mcq,36.4879283819982
608a7bf86193ec3fde12e200,{'dummy question': 'dummy'},Ict,swe111,Easy,mcq,30.473138127789277
608a7bf86193ec3fde12e201,{'dummy question': 'dummy'},Ict,swe111,Medium,mcq,25.122520630475915
608a7bf86193ec3fde12e202,{'dummy question': 'dummy'},Ict,swe111,Medium,mcq,28.18215392469124
608a7bf86193ec3fde12e203,{'dummy question': 'dummy'},Ict,swe111,Medium,mcq,18.323330258005818
608a7bf86193ec3fde12e204,{'dummy question': 'dummy'},Ict,swe111,Hard,mcq,13.640626722028136
608a7bf86193ec3fde12e205,{'dummy question': 'dummy'},Ict,swe111,Easy,mcq,38.97586678912457
608a7bf86193ec3fde12e206,{'dummy question': 'dummy'},Ict,swe111,Easy,mcq,39.99048989411555
608a7bf86193ec3fde12e207,{'dummy question': 'dummy'},Ict,swe111,Hard,mcq,11.366503710161368
608a7bf86193ec3fde12e208,{'dummy question': 'dummy'},Ict,swe111,Medium,mcq,26.056337069499616
608a7bf86193ec3fde12e209,{'dummy question': 'dummy'},Ict,swe111,Hard,mcq,10.249333499130005
608a7bf86193ec3fde12e20a,{'dummy question': 'dummy'},Ict,swe111,Hard,mcq,10.452054717111881
608a7bf86193ec3fde12e20b,{'dummy question': 'dummy'},Ict,swe111,Hard,mcq,11.29463951580324
608a7bf86193ec3fde12e20c,{'dummy question': 'dummy'},Ict,swe111,Medium,mcq,23.777859264731404
608a7bf86193ec3fde12e20d,{'dummy question': 'dummy'},Ict,swe111,Medium,mcq,18.697642640675657
608a7bf86193ec3fde12e20e,{'dummy question': 'dummy'},Ict,swe111,Easy,mcq,31.28242510900462
608a7bf86193ec3fde12e20f,{'dummy question': 'dummy'},Ict,swe111,Hard,mcq,14.34870940125811
608a7bf86193ec3fde12e210,{'dummy question': 'dummy'},Ict,swe111,Easy,mcq,35.00961595607992
608a7bf86193ec3fde12e211,{'dummy question': 'dummy'},Ict,swe111,Hard,mcq,10.622431689728275
608a7bf86193ec3fde12e212,{'dummy question': 'dummy'},Ict,swe111,Hard,mcq,16.990951974919327
608a7bf86193ec3fde12e213,{'dummy question': 'dummy'},Ict,swe111,Easy,mcq,37.1872507220985
608a7bf86193ec3fde12e214,{'dummy question': 'dummy'},Ict,swe111,Easy,mcq,31.921217422307713
608a7bf86193ec3fde12e215,{'dummy question': 'dummy'},Ict,swe111,Hard,mcq,12.150433646578563
608a7bf86193ec3fde12e216,{'dummy question': 'dummy'},Ict,swe111,Easy,mcq,30.302235401002353
608a7bf86193ec3fde12e217,{'dummy question': 'dummy'},Ict,swe111,Medium,mcq,21.994415393647913
608a7bf86193ec3fde12e218,{'dummy question': 'dummy'},Ict,swe111,Easy,mcq,36.00936032736362
608a7bf86193ec3fde12e219,{'dummy question': 'dummy'},Ict,swe111,Medium,mcq,28.335298733017318
608a7bf86193ec3fde12e21a,{'dummy question': 'dummy'},Ict,swe111,Hard,mcq,15.556550278898975
608a7bf86193ec3fde12e21b,{'dummy question': 'dummy'},Ict,swe111,Hard,mcq,14.969461885408169
608a7bf86193ec3fde12e21c,{'dummy question': 'dummy'},Ict,swe111,Easy,mcq,38.80934663373709
608a7bf86193ec3fde12e21d,{'dummy question': 'dummy'},Ict,swe111,Easy,mcq,32.70266888345978
608a7bf86193ec3fde12e21e,{'dummy question': 'dummy'},Ict,swe111,Medium,mcq,29.346907251595418
608a7bf86193ec3fde12e21f,{'dummy question': 'dummy'},Ict,swe111,Medium,mcq,21.8146658939907
608a7bf86193ec3fde12e220,{'dummy question': 'dummy'},Ict,swe111,Easy,mcq,31.66687493342006
608a7bf86193ec3fde12e221,{'dummy question': 'dummy'},Ict,swe111,Hard,mcq,15.60677325232782
608a7bf86193ec3fde12e222,{'dummy question': 'dummy'},Ict,swe111,Medium,mcq,28.222293575884354
608a7bf86193ec3fde12e223,{'dummy question': 'dummy'},Ict,swe111,Easy,mcq,38.533012086506915
608a7bf86193ec3fde12e224,{'dummy question': 'dummy'},Ict,swe111,Hard,mcq,14.692729617879246
608a7bf86193ec3fde12e225,{'dummy question': 'dummy'},Ict,swe111,Easy,mcq,36.96020156735287
608a7bf86193ec3fde12e226,{'dummy question': 'dummy'},Ict,swe111,Easy,mcq,31.599333639789513
608a7bf86193ec3fde12e227,{'dummy question': 'dummy'},Ict,swe111,Medium,mcq,26.045240067294674
608a7bf86193ec3fde12e228,{'dummy question': 'dummy'},Ict,swe111,Easy,mcq,33.65970970959185
608a7bf86193ec3fde12e229,{'dummy question': 'dummy'},Ict,swe111,Medium,mcq,18.54486700415504
608a7bf86193ec3fde12e22a,{'dummy question': 'dummy'},Ict,swe111,Easy,mcq,38.29415066421711
608a7bf86193ec3fde12e22b,{'dummy question': 'dummy'},Ict,swe111,Hard,mcq,10.903137146309486
608a7bf86193ec3fde12e22c,{'dummy question': 'dummy'},Ict,swe111,Medium,mcq,22.03601564607036
608a7bf86193ec3fde12e22d,{'dummy question': 'dummy'},Ict,swe111,Hard,mcq,12.03194729709896
608a7bf86193ec3fde12e22e,{'dummy question': 'dummy'},Ict,swe111,Easy,mcq,30.202710262730815
608a7bf86193ec3fde12e22f,{'dummy question': 'dummy'},Ict,swe111,Medium,mcq,17.666652409362722
608a7bf86193ec3fde12e230,{'dummy question': 'dummy'},Ict,swe111,Medium,mcq,25.19638551056667
608a7bf86193ec3fde12e231,{'dummy question': 'dummy'},Ict,swe111,Easy,mcq,36.51862307381235
608a7bf86193ec3fde12e232,{'dummy question': 'dummy'},Ict,swe111,Easy,mcq,35.77066226893023
608a7bf86193ec3fde12e233,{'dummy question': 'dummy'},Ict,swe111,Easy,mcq,30.025085680202178
608a7bf86193ec3fde12e234,{'dummy question': 'dummy'},Ict,swe111,Medium,wrq,35.29987461698496
608a7bf86193ec3fde12e235,{'dummy question': 'dummy'},Ict,swe111,Medium,wrq,33.64640268592316
608a7bf86193ec3fde12e236,{'dummy question': 'dummy'},Ict,swe111,Medium,wrq,27.792617689748106
608a7bf86193ec3fde12e237,{'dummy question': 'dummy'},Ict,swe111,Medium,wrq,27.1211229347703
608a7bf86193ec3fde12e238,{'dummy question': 'dummy'},Ict,swe111,Medium,wrq,36.34975492996591
608a7bf86193ec3fde12e239,{'dummy question': 'dummy'},Ict,swe111,Medium,wrq,38.04862621236329
608a7bf86193ec3fde12e23a,{'dummy question': 'dummy'},Ict,swe111,Medium,wrq,35.98241041001782
608a7bf86193ec3fde12e23b,{'dummy question': 'dummy'},Ict,swe111,Medium,wrq,29.345774254600336
608a7bf86193ec3fde12e23c,{'dummy question': 'dummy'},Ict,swe111,Medium,wrq,35.16473904073022
608a7bf86193ec3fde12e23d,{'dummy question': 'dummy'},Ict,swe111,Medium,wrq,33.42408956601522
608a7bf86193ec3fde12e23e,{'dummy question': 'dummy'},Ict,swe111,Medium,wrq,32.65541612142944
608a7bf86193ec3fde12e23f,{'dummy question': 'dummy'},Ict,swe111,Medium,wrq,22.99830858959703
608a7bf86193ec3fde12e240,{'dummy question': 'dummy'},Ict,swe111,Medium,wrq,34.68124062411709
608a7bf86193ec3fde12e241,{'dummy question': 'dummy'},Ict,swe111,Medium,wrq,34.656047781624444
608a7bf86193ec3fde12e242,{'dummy question': 'dummy'},Ict,swe111,Medium,wrq,33.217609188056386
608a7bf86193ec3fde12e243,{'dummy question': 'dummy'},Ict,swe111,Medium,wrq,35.181004395906584
608a7c016193ec3fde12e244,{'dummy question': 'dummy'},Ict,swe111,Medium,mcq,25.11575183000616
608a7c016193ec3fde12e245,{'dummy question': 'dummy'},Ict,swe111,Medium,mcq,24.813146555267693
608a7c016193ec3fde12e246,{'dummy question': 'dummy'},Ict,swe111,Easy,mcq,31.031722927097356
608a7c016193ec3fde12e247,{'dummy question': 'dummy'},Ict,swe111,Hard,mcq,11.771563750896817
608a7c016193ec3fde12e248,{'dummy question': 'dummy'},Ict,swe111,Medium,mcq,19.377069102333106
608a7c016193ec3fde12e249,{'dummy question': 'dummy'},Ict,swe111,Easy,mcq,39.04680572533883
608a7c016193ec3fde12e24a,{'dummy question': 'dummy'},Ict,swe111,Medium,mcq,17.186767863633246
608a7c016193ec3fde12e24b,{'dummy question': 'dummy'},Ict,swe111,Medium,mcq,20.456222905376087
608a7c016193ec3fde12e24c,{'dummy question': 'dummy'},Ict,swe111,Medium,mcq,24.354115958532947
608a7c016193ec3fde12e24d,{'dummy question': 'dummy'},Ict,swe111,Easy,mcq,30.526935139807225
608a7c016193ec3fde12e24e,{'dummy question': 'dummy'},Ict,swe111,Medium,mcq,19.87628688891248
608a7c016193ec3fde12e24f,{'dummy question': 'dummy'},Ict,swe111,Medium,mcq,26.73154202557371
608a7c016193ec3fde12e250,{'dummy question': 'dummy'},Ict,swe111,Medium,mcq,28.63165571439328
608a7c016193ec3fde12e251,{'dummy question': 'dummy'},Ict,swe111,Medium,mcq,22.113641589321034
608a7c016193ec3fde12e252,{'dummy question': 'dummy'},Ict,swe111,Medium,mcq,22.672893180590243
608a7c016193ec3fde12e253,{'dummy question': 'dummy'},Ict,swe111,Medium,mcq,17.800853718891183
608a7c016193ec3fde12e254,{'dummy question': 'dummy'},Ict,swe111,Easy,mcq,31.84483285593146
608a7c016193ec3fde12e255,{'dummy question': 'dummy'},Ict,swe111,Medium,mcq,17.340272737394585
608a7c016193ec3fde12e256,{'dummy question': 'dummy'},Ict,swe111,Easy,mcq,32.72542590184905
608a7c016193ec3fde12e257,{'dummy question': 'dummy'},Ict,swe111,Hard,mcq,16.992859677013158
608a7c016193ec3fde12e258,{'dummy question': 'dummy'},Ict,swe111,Medium,mcq,19.8931781616289
608a7c016193ec3fde12e259,{'dummy question': 'dummy'},Ict,swe111,Easy,mcq,39.962991186851454
608a7c016193ec3fde12e25a,{'dummy question': 'dummy'},Ict,swe111,Easy,mcq,36.20954512419192
608a7c016193ec3fde12e25b,{'dummy question': 'dummy'},Ict,swe111,Hard,mcq,14.718392785991915
608a7c016193ec3fde12e25c,{'dummy question': 'dummy'},Ict,swe111,Easy,mcq,32.306838115986615
608a7c016193ec3fde12e25d,{'dummy question': 'dummy'},Ict,swe111,Medium,mcq,18.219977908505246
608a7c016193ec3fde12e25e,{'dummy question': 'dummy'},Ict,swe111,Medium,mcq,20.448766643457763
608a7c016193ec3fde12e25f,{'dummy question': 'dummy'},Ict,swe111,Medium,mcq,22.517003095521524
608a7c016193ec3fde12e260,{'dummy question': 'dummy'},Ict,swe111,Medium,mcq,29.248959679234023
608a7c016193ec3fde12e261,{'dummy question': 'dummy'},Ict,swe111,Easy,mcq,38.09588044784961
608a7c016193ec3fde12e262,{'dummy question': 'dummy'},Ict,swe111,Hard,mcq,11.972188706454341
608a7c016193ec3fde12e263,{'dummy question': 'dummy'},Ict,swe111,Hard,mcq,13.186218064769196
608a7c016193ec3fde12e264,{'dummy question': 'dummy'},Ict,swe111,Medium,mcq,26.607100338875888
608a7c016193ec3fde12e265,{'dummy question': 'dummy'},Ict,swe111,Medium,mcq,22.77661021345607
608a7c016193ec3fde12e266,{'dummy question': 'dummy'},Ict,swe111,Hard,mcq,10.050949118031525
608a7c016193ec3fde12e267,{'dummy question': 'dummy'},Ict,swe111,Medium,mcq,22.84788631693337
608a7c016193ec3fde12e268,{'dummy question': 'dummy'},Ict,swe111,Easy,mcq,39.239601437816404
608a7c016193ec3fde12e269,{'dummy question': 'dummy'},Ict,swe111,Hard,mcq,14.160759979341153
608a7c016193ec3fde12e26a,{'dummy question': 'dummy'},Ict,swe111,Easy,mcq,30.284429589714843
608a7c016193ec3fde12e26b,{'dummy question': 'dummy'},Ict,swe111,Medium,mcq,23.96691824748647
608a7c016193ec3fde12e26c,{'dummy question': 'dummy'},Ict,swe111,Hard,mcq,13.672127556323
608a7c016193ec3fde12e26d,{'dummy question': 'dummy'},Ict,swe111,Medium,mcq,28.57414586910818
608a7c016193ec3fde12e26e,{'dummy question': 'dummy'},Ict,swe111,Medium,mcq,26.47104570823511
608a7c016193ec3fde12e26f,{'dummy question': 'dummy'},Ict,swe111,Medium,mcq,23.64618809982285
608a7c016193ec3fde12e270,{'dummy question': 'dummy'},Ict,swe111,Easy,mcq,38.93495500566853
608a7c016193ec3fde12e271,{'dummy question': 'dummy'},Ict,swe111,Medium,mcq,29.541288198660812
608a7c016193ec3fde12e272,{'dummy question': 'dummy'},Ict,swe111,Medium,mcq,26.678848598871447
608a7c016193ec3fde12e273,{'dummy question': 'dummy'},Ict,swe111,Hard,mcq,14.511524851116784
608a7c016193ec3fde12e274,{'dummy question': 'dummy'},Ict,swe111,Medium,mcq,17.327502681268793
608a7c016193ec3fde12e275,{'dummy question': 'dummy'},Ict,swe111,Hard,mcq,10.20682373644306
608a7c016193ec3fde12e276,{'dummy question': 'dummy'},Ict,swe111,Easy,mcq,31.47806496438396
608a7c016193ec3fde12e277,{'dummy question': 'dummy'},Ict,swe111,Medium,mcq,28.90382717488748
608a7c016193ec3fde12e278,{'dummy question': 'dummy'},Ict,swe111,Easy,mcq,33.100604431484015
608a7c016193ec3fde12e279,{'dummy question': 'dummy'},Ict,swe111,Hard,mcq,10.44606732270257
608a7c016193ec3fde12e27a,{'dummy question': 'dummy'},Ict,swe111,Hard,mcq,14.49784412677755
608a7c016193ec3fde12e27b,{'dummy question': 'dummy'},Ict,swe111,Easy,mcq,39.88928206502838
608a7c016193ec3fde12e27c,{'dummy question': 'dummy'},Ict,swe111,Easy,mcq,33.67210266217786
608a7c016193ec3fde12e27d,{'dummy question': 'dummy'},Ict,swe111,Hard,mcq,15.385922662547681
608a7c016193ec3fde12e27e,{'dummy question': 'dummy'},Ict,swe111,Hard,mcq,15.04449345034514
608a7c016193ec3fde12e27f,{'dummy question': 'dummy'},Ict,swe111,Medium,mcq,28.931086047635336
608a7c016193ec3fde12e280,{'dummy question': 'dummy'},Ict,swe111,Easy,mcq,34.16174078641379
608a7c016193ec3fde12e281,{'dummy question': 'dummy'},Ict,swe111,Easy,mcq,36.93370023156878
608a7c016193ec3fde12e282,{'dummy question': 'dummy'},Ict,swe111,Easy,mcq,35.71096824137317
608a7c016193ec3fde12e283,{'dummy question': 'dummy'},Ict,swe111,Hard,mcq,10.24142702964355
608a7c016193ec3fde12e284,{'dummy question': 'dummy'},Ict,swe111,Medium,mcq,28.590696791044707
608a7c016193ec3fde12e285,{'dummy question': 'dummy'},Ict,swe111,Medium,mcq,26.817614002421564
608a7c016193ec3fde12e286,{'dummy question': 'dummy'},Ict,swe111,Hard,mcq,13.575625382759917
608a7c016193ec3fde12e287,{'dummy question': 'dummy'},Ict,swe111,Medium,mcq,29.659051958422012
608a7c016193ec3fde12e288,{'dummy question': 'dummy'},Ict,swe111,Easy,mcq,39.758028228190966
608a7c016193ec3fde12e289,{'dummy question': 'dummy'},Ict,swe111,Medium,mcq,26.720888579074536
608a7c016193ec3fde12e28a,{'dummy question': 'dummy'},Ict,swe111,Easy,mcq,37.11658997973008
608a7c016193ec3fde12e28b,{'dummy question': 'dummy'},Ict,swe111,Easy,mcq,30.124273599185727
608a7c016193ec3fde12e28c,{'dummy question': 'dummy'},Ict,swe111,Medium,mcq,26.535489443609055
608a7c016193ec3fde12e28d,{'dummy question': 'dummy'},Ict,swe111,Hard,mcq,15.540198207387537
608a7c016193ec3fde12e28e,{'dummy question': 'dummy'},Ict,swe111,Hard,mcq,10.809200087943342
608a7c016193ec3fde12e28f,{'dummy question': 'dummy'},Ict,swe111,Easy,mcq,34.58422478205605
608a7c016193ec3fde12e290,{'dummy question': 'dummy'},Ict,swe111,Easy,mcq,31.645074576874187
608a7c016193ec3fde12e291,{'dummy question': 'dummy'},Ict,swe111,Hard,mcq,11.619447109444852
608a7c016193ec3fde12e292,{'dummy question': 'dummy'},Ict,swe111,Hard,mcq,10.687444769295098
608a7c016193ec3fde12e293,{'dummy question': 'dummy'},Ict,swe111,Easy,mcq,37.73057306341322
608a7c016193ec3fde12e294,{'dummy question': 'dummy'},Ict,swe111,Easy,mcq,31.86189490897831
608a7c016193ec3fde12e295,{'dummy question': 'dummy'},Ict,swe111,Easy,mcq,35.3128590478304
608a7c016193ec3fde12e296,{'dummy question': 'dummy'},Ict,swe111,Medium,mcq,25.840514095085773
608a7c016193ec3fde12e297,{'dummy question': 'dummy'},Ict,swe111,Medium,mcq,24.336597867825514
608a7c016193ec3fde12e298,{'dummy question': 'dummy'},Ict,swe111,Hard,mcq,10.12750498796191
608a7c016193ec3fde12e299,{'dummy question': 'dummy'},Ict,swe111,Hard,mcq,12.056979940656147
608a7c016193ec3fde12e29a,{'dummy question': 'dummy'},Ict,swe111,Easy,mcq,39.172940660828466
608a7c016193ec3fde12e29b,{'dummy question': 'dummy'},Ict,swe111,Medium,mcq,17.404417224542293
608a7c016193ec3fde12e29c,{'dummy question': 'dummy'},Ict,swe111,Medium,mcq,23.903792708514295
608a7c016193ec3fde12e29d,{'dummy question': 'dummy'},Ict,swe111,Easy,mcq,37.89724438884403
608a7c016193ec3fde12e29e,{'dummy question': 'dummy'},Ict,swe111,Easy,mcq,35.18759620501409
608a7c016193ec3fde12e29f,{'dummy question': 'dummy'},Ict,swe111,Medium,mcq,27.576467408043314
608a7c016193ec3fde12e2a0,{'dummy question': 'dummy'},Ict,swe111,Easy,mcq,37.04487406346745
608a7c016193ec3fde12e2a1,{'dummy question': 'dummy'},Ict,swe111,Medium,mcq,20.310044629392838
608a7c016193ec3fde12e2a2,{'dummy question': 'dummy'},Ict,swe111,Easy,mcq,36.042516687608405
608a7c016193ec3fde12e2a3,{'dummy question': 'dummy'},Ict,swe111,Easy,mcq,37.748569907403834
608a7c016193ec3fde12e2a4,{'dummy question': 'dummy'},Ict,swe111,Medium,mcq,22.123603998988436
608a7c016193ec3fde12e2a5,{'dummy question': 'dummy'},Ict,swe111,Easy,mcq,36.93086609462611
608a7c016193ec3fde12e2a6,{'dummy question': 'dummy'},Ict,swe111,Easy,mcq,33.53223793767111
608a7c016193ec3fde12e2a7,{'dummy question': 'dummy'},Ict,swe111,Easy,mcq,38.4339561168367
608a7c016193ec3fde12e2a8,{'dummy question': 'dummy'},Ict,swe111,Medium,wrq,24.39104835593922
608a7c016193ec3fde12e2a9,{'dummy question': 'dummy'},Ict,swe111,Medium,wrq,35.69265823953708
608a7c016193ec3fde12e2aa,{'dummy question': 'dummy'},Ict,swe111,Medium,wrq,35.90122797984865
608a7c016193ec3fde12e2ab,{'dummy question': 'dummy'},Ict,swe111,Medium,wrq,37.897940865139205
608a7c016193ec3fde12e2ac,{'dummy question': 'dummy'},Ict,swe111,Medium,wrq,25.516200272002372
608a7c016193ec3fde12e2ad,{'dummy question': 'dummy'},Ict,swe111,Medium,wrq,39.324450160033706
608a7c016193ec3fde12e2ae,{'dummy question': 'dummy'},Ict,swe111,Medium,wrq,24.137493741262702
608a7c016193ec3fde12e2af,{'dummy question': 'dummy'},Ict,swe111,Medium,wrq,28.98433658026677
608a7c016193ec3fde12e2b0,{'dummy question': 'dummy'},Ict,swe111,Medium,wrq,35.48531208476061
608a7c016193ec3fde12e2b1,{'dummy question': 'dummy'},Ict,swe111,Medium,wrq,25.040465335620198
608a7c016193ec3fde12e2b2,{'dummy question': 'dummy'},Ict,swe111,Medium,wrq,38.06824418568804
608a7c016193ec3fde12e2b3,{'dummy question': 'dummy'},Ict,swe111,Medium,wrq,30.037188896893706
608a7c016193ec3fde12e2b4,{'dummy question': 'dummy'},Ict,swe111,Medium,wrq,34.939221046052495
608a7c016193ec3fde12e2b5,{'dummy question': 'dummy'},Ict,swe111,Medium,wrq,30.18324105264932
608a7c016193ec3fde12e2b6,{'dummy question': 'dummy'},Ict,swe111,Medium,mcq,18.530836404281015
608a7c016193ec3fde12e2b7,{'dummy question': 'dummy'},Ict,swe111,Medium,mcq,19.37400977738691
608a7c016193ec3fde12e2b8,{'dummy question': 'dummy'},Ict,swe111,Easy,mcq,33.59943518604227
608a7c016193ec3fde12e2b9,{'dummy question': 'dummy'},Ict,swe111,Medium,mcq,22.17242800857312
608a7c016193ec3fde12e2ba,{'dummy question': 'dummy'},Ict,swe111,Medium,mcq,25.979675553234152
608a7c016193ec3fde12e2bb,{'dummy question': 'dummy'},Ict,swe111,Medium,mcq,26.062281562950538
608a7c016193ec3fde12e2bc,{'dummy question': 'dummy'},Ict,swe111,Medium,mcq,28.20635569212549
608a7c016193ec3fde12e2bd,{'dummy question': 'dummy'},Ict,swe111,Medium,mcq,26.57794656293147
608a7c016193ec3fde12e2be,{'dummy question': 'dummy'},Ict,swe111,Hard,mcq,11.125850426177209
608a7c016193ec3fde12e2bf,{'dummy question': 'dummy'},Ict,swe111,Easy,mcq,30.61278249738695
608a7c016193ec3fde12e2c0,{'dummy question': 'dummy'},Ict,swe111,Hard,mcq,16.528438619116987
608a7c016193ec3fde12e2c1,{'dummy question': 'dummy'},Ict,swe111,Hard,mcq,16.041941018934892
608a7c016193ec3fde12e2c2,{'dummy question': 'dummy'},Ict,swe111,Hard,mcq,11.341738279583646
608a7c016193ec3fde12e2c3,{'dummy question': 'dummy'},Ict,swe111,Easy,mcq,38.39992486889702
608a7c016193ec3fde12e2c4,{'dummy question': 'dummy'},Ict,swe111,Easy,mcq,39.6692816098423
608a7c016193ec3fde12e2c5,{'dummy question': 'dummy'},Ict,swe111,Medium,mcq,20.337025063011666
608a7c016193ec3fde12e2c6,{'dummy question': 'dummy'},Ict,swe111,Medium,mcq,24.845977186531286
608a7c016193ec3fde12e2c7,{'dummy question': 'dummy'},Ict,swe111,Medium,mcq,28.90886952669783
608a7c016193ec3fde12e2c8,{'dummy question': 'dummy'},Ict,swe111,Medium,mcq,20.817133215807782
608a7c016193ec3fde12e2c9,{'dummy question': 'dummy'},Ict,swe111,Hard,mcq,13.585204962455956
608a7c016193ec3fde12e2ca,{'dummy question': 'dummy'},Ict,swe111,Medium,mcq,22.597614707450017
608a7c016193ec3fde12e2cb,{'dummy question': 'dummy'},Ict,swe111,Medium,mcq,25.111842711001238
608a7c016193ec3fde12e2cc,{'dummy question': 'dummy'},Ict,swe111,Medium,mcq,18.65751228609695
608a7c016193ec3fde12e2cd,{'dummy question': 'dummy'},Ict,swe111,Medium,mcq,24.331662714391527
608a7c016193ec3fde12e2ce,{'dummy question': 'dummy'},Ict,swe111,Easy,mcq,30.86020433206315
608a7c016193ec3fde12e2cf,{'dummy question': 'dummy'},Ict,swe111,Easy,mcq,33.37559008985706
608a7c016193ec3fde12e2d0,{'dummy question': 'dummy'},Ict,swe111,Medium,mcq,19.416655908969528
608a7c016193ec3fde12e2d1,{'dummy question': 'dummy'},Ict,swe111,Medium,mcq,18.502465782058678
608a7c016193ec3fde12e2d2,{'dummy question': 'dummy'},Ict,swe111,Medium,mcq,27.019455518678512
608a7c016193ec3fde12e2d3,{'dummy question': 'dummy'},Ict,swe111,Medium,mcq,19.250611833825403
608a7c016193ec3fde12e2d4,{'dummy question': 'dummy'},Ict,swe111,Hard,mcq,15.137540552060573
608a7c016193ec3fde12e2d5,{'dummy question': 'dummy'},Ict,swe111,Medium,mcq,18.822411485479662
608a7c016193ec3fde12e2d6,{'dummy question': 'dummy'},Ict,swe111,Medium,mcq,21.777968288624628
608a7c016193ec3fde12e2d7,{'dummy question': 'dummy'},Ict,swe111,Hard,mcq,11.023620273253691
608a7c016193ec3fde12e2d8,{'dummy question': 'dummy'},Ict,swe111,Easy,mcq,39.83111836288102
608a7c016193ec3fde12e2d9,{'dummy question': 'dummy'},Ict,swe111,Medium,mcq,27.653386621384012
608a7c016193ec3fde12e2da,{'dummy question': 'dummy'},Ict,swe111,Medium,mcq,24.325120775123224
608a7c016193ec3fde12e2db,{'dummy question': 'dummy'},Ict,swe111,Hard,mcq,15.384319522276764
608a7c016193ec3fde12e2dc,{'dummy question': 'dummy'},Ict,swe111,Easy,mcq,35.55578315224381
608a7c016193ec3fde12e2dd,{'dummy question': 'dummy'},Ict,swe111,Medium,mcq,21.321604332144574
608a7c016193ec3fde12e2de,{'dummy question': 'dummy'},Ict,swe111,Medium,mcq,21.977906305573637
608a7c016193ec3fde12e2df,{'dummy question': 'dummy'},Ict,swe111,Hard,mcq,14.84242401702643
608a7c016193ec3fde12e2e0,{'dummy question': 'dummy'},Ict,swe111,Easy,mcq,36.85463990894203
608a7c016193ec3fde12e2e1,{'dummy question': 'dummy'},Ict,swe111,Medium,mcq,27.537731070713612
608a7c016193ec3fde12e2e2,{'dummy question': 'dummy'},Ict,swe111,Hard,mcq,10.19219791412504
608a7c016193ec3fde12e2e3,{'dummy question': 'dummy'},Ict,swe111,Medium,mcq,18.229769934337693
608a7c016193ec3fde12e2e4,{'dummy question': 'dummy'},Ict,swe111,Hard,mcq,14.309613959455337
608a7c016193ec3fde12e2e5,{'dummy question': 'dummy'},Ict,swe111,Medium,mcq,17.137746371638897
608a7c016193ec3fde12e2e6,{'dummy question': 'dummy'},Ict,swe111,Medium,mcq,26.455214104827753
608a7c016193ec3fde12e2e7,{'dummy question': 'dummy'},Ict,swe111,Easy,mcq,31.484810466219436
608a7c016193ec3fde12e2e8,{'dummy question': 'dummy'},Ict,swe111,Medium,mcq,25.34288280411195
608a7c016193ec3fde12e2e9,{'dummy question': 'dummy'},Ict,swe111,Medium,mcq,21.976255604765115
608a7c016193ec3fde12e2ea,{'dummy question': 'dummy'},Ict,swe111,Hard,mcq,16.002465364562106
608a7c016193ec3fde12e2eb,{'dummy question': 'dummy'},Ict,swe111,Hard,mcq,12.638008610276977
608a7c016193ec3fde12e2ec,{'dummy question': 'dummy'},Ict,swe111,Medium,mcq,21.10619273538564
608a7c016193ec3fde12e2ed,{'dummy question': 'dummy'},Ict,swe111,Medium,mcq,23.10424916462295
608a7c016193ec3fde12e2ee,{'dummy question': 'dummy'},Ict,swe111,Hard,mcq,11.221656608035403
608a7c016193ec3fde12e2ef,{'dummy question': 'dummy'},Ict,swe111,Medium,mcq,28.71728003890467
608a7c016193ec3fde12e2f0,{'dummy question': 'dummy'},Ict,swe111,Easy,mcq,34.96579859757179
608a7c016193ec3fde12e2f1,{'dummy question': 'dummy'},Ict,swe111,Easy,mcq,32.11951302610049
608a7c016193ec3fde12e2f2,{'dummy question': 'dummy'},Ict,swe111,Medium,mcq,28.345216350238555
608a7c016193ec3fde12e2f3,{'dummy question': 'dummy'},Ict,swe111,Medium,mcq,17.059769243857207
608a7c016193ec3fde12e2f4,{'dummy question': 'dummy'},Ict,swe111,Easy,mcq,37.70433304566356
608a7c016193ec3fde12e2f5,{'dummy question': 'dummy'},Ict,swe111,Medium,mcq,26.043984833633363
608a7c016193ec3fde12e2f6,{'dummy question': 'dummy'},Ict,swe111,Medium,mcq,26.818067021998548
608a7c016193ec3fde12e2f7,{'dummy question': 'dummy'},Ict,swe111,Medium,mcq,29.082090580947114
608a7c016193ec3fde12e2f8,{'dummy question': 'dummy'},Ict,swe111,Easy,mcq,39.544224356522925
608a7c016193ec3fde12e2f9,{'dummy question': 'dummy'},Ict,swe111,Hard,mcq,12.347618614024194
608a7c016193ec3fde12e2fa,{'dummy question': 'dummy'},Ict,swe111,Medium,mcq,24.326317054774172
608a7c016193ec3fde12e2fb,{'dummy question': 'dummy'},Ict,swe111,Medium,mcq,28.228654189108
608a7c016193ec3fde12e2fc,{'dummy question': 'dummy'},Ict,swe111,Easy,mcq,36.857312407881935
608a7c016193ec3fde12e2fd,{'dummy question': 'dummy'},Ict,swe111,Medium,mcq,23.36742970145424
608a7c016193ec3fde12e2fe,{'dummy question': 'dummy'},Ict,swe111,Medium,mcq,20.758449145373724
608a7c016193ec3fde12e2ff,{'dummy question': 'dummy'},Ict,swe111,Medium,mcq,27.19835562405489
608a7c016193ec3fde12e300,{'dummy question': 'dummy'},Ict,swe111,Easy,mcq,39.96500209797258
608a7c016193ec3fde12e301,{'dummy question': 'dummy'},Ict,swe111,Hard,mcq,16.70718301826468
608a7c016193ec3fde12e302,{'dummy question': 'dummy'},Ict,swe111,Easy,mcq,30.894748594758397
608a7c016193ec3fde12e303,{'dummy question': 'dummy'},Ict,swe111,Hard,mcq,12.366192728052347
608a7c016193ec3fde12e304,{'dummy question': 'dummy'},Ict,swe111,Hard,mcq,10.014015176685353
608a7c016193ec3fde12e305,{'dummy question': 'dummy'},Ict,swe111,Easy,mcq,37.11300631215151
608a7c016193ec3fde12e306,{'dummy question': 'dummy'},Ict,swe111,Easy,mcq,38.975600142737235
608a7c016193ec3fde12e307,{'dummy question': 'dummy'},Ict,swe111,Medium,mcq,21.174359241093722
608a7c016193ec3fde12e308,{'dummy question': 'dummy'},Ict,swe111,Medium,mcq,28.875088977414176
608a7c016193ec3fde12e309,{'dummy question': 'dummy'},Ict,swe111,Hard,mcq,14.606563554341045
608a7c016193ec3fde12e30a,{'dummy question': 'dummy'},Ict,swe111,Easy,mcq,33.070187375672674
608a7c016193ec3fde12e30b,{'dummy question': 'dummy'},Ict,swe111,Easy,mcq,31.044555691727993
608a7c016193ec3fde12e30c,{'dummy question': 'dummy'},Ict,swe111,Medium,mcq,21.446187255805725
608a7c016193ec3fde12e30d,{'dummy question': 'dummy'},Ict,swe111,Hard,mcq,14.55585762600295
608a7c016193ec3fde12e30e,{'dummy question': 'dummy'},Ict,swe111,Easy,mcq,30.485197101222667
608a7c016193ec3fde12e30f,{'dummy question': 'dummy'},Ict,swe111,Medium,mcq,20.330852635799786
608a7c016193ec3fde12e310,{'dummy question': 'dummy'},Ict,swe111,Medium,mcq,26.460909640543093
608a7c016193ec3fde12e311,{'dummy question': 'dummy'},Ict,swe111,Easy,mcq,37.570919765303216
608a7c016193ec3fde12e312,{'dummy question': 'dummy'},Ict,swe111,Hard,mcq,15.273293592069582
608a7c016193ec3fde12e313,{'dummy question': 'dummy'},Ict,swe111,Medium,mcq,25.3699127452605
608a7c016193ec3fde12e314,{'dummy question': 'dummy'},Ict,swe111,Easy,mcq,32.39870907069202
608a7c016193ec3fde12e315,{'dummy question': 'dummy'},Ict,swe111,Easy,mcq,33.39203240599777
608a7c016193ec3fde12e316,{'dummy question': 'dummy'},Ict,swe111,Hard,mcq,11.933497159122837
608a7c016193ec3fde12e317,{'dummy question': 'dummy'},Ict,swe111,Easy,mcq,30.77440106364425
608a7c016193ec3fde12e318,{'dummy question': 'dummy'},Ict,swe111,Hard,mcq,14.855171695204339
608a7c016193ec3fde12e319,{'dummy question': 'dummy'},Ict,swe111,Easy,mcq,34.75371391397198
608a7c016193ec3fde12e31a,{'dummy question': 'dummy'},Ict,swe111,Medium,wrq,26.51299585244791
608a7c016193ec3fde12e31b,{'dummy question': 'dummy'},Ict,swe111,Medium,wrq,24.747859367365088
608a7c016193ec3fde12e31c,{'dummy question': 'dummy'},Ict,swe111,Medium,wrq,22.19821762178159
608a7c016193ec3fde12e31d,{'dummy question': 'dummy'},Ict,swe111,Medium,wrq,27.665944962832675
608a7c016193ec3fde12e31e,{'dummy question': 'dummy'},Ict,swe111,Medium,wrq,34.6979893050184
608a7c016193ec3fde12e31f,{'dummy question': 'dummy'},Ict,swe111,Medium,wrq,39.28012169602611
608a7c016193ec3fde12e320,{'dummy question': 'dummy'},Ict,swe111,Medium,wrq,26.31610388499728
608a7c016193ec3fde12e321,{'dummy question': 'dummy'},Ict,swe111,Medium,wrq,39.73261898340655
608a7c016193ec3fde12e322,{'dummy question': 'dummy'},Ict,swe111,Medium,wrq,35.95979485775619
608a7c016193ec3fde12e323,{'dummy question': 'dummy'},Ict,swe111,Medium,wrq,22.018459532779804
608a7c016193ec3fde12e324,{'dummy question': 'dummy'},Ict,swe111,Medium,wrq,29.691438594465275
608a7c016193ec3fde12e325,{'dummy question': 'dummy'},Ict,swe111,Medium,wrq,33.685384372222344
608a7c016193ec3fde12e326,{'dummy question': 'dummy'},Ict,swe111,Medium,wrq,37.57490783756478
608a7c016193ec3fde12e327,{'dummy question': 'dummy'},Ict,swe111,Easy,mcq,33.733101317951366
608a7c016193ec3fde12e328,{'dummy question': 'dummy'},Ict,swe111,Medium,mcq,21.49618978618239
608a7c016193ec3fde12e329,{'dummy question': 'dummy'},Ict,swe111,Medium,mcq,28.433969061831533
608a7c016193ec3fde12e32a,{'dummy question': 'dummy'},Ict,swe111,Medium,mcq,24.567655885387026
608a7c016193ec3fde12e32b,{'dummy question': 'dummy'},Ict,swe111,Medium,mcq,20.371797186800727
608a7c016193ec3fde12e32c,{'dummy question': 'dummy'},Ict,swe111,Easy,mcq,34.37069693920522
608a7c016193ec3fde12e32d,{'dummy question': 'dummy'},Ict,swe111,Medium,mcq,24.15490030317791
608a7c016193ec3fde12e32e,{'dummy question': 'dummy'},Ict,swe111,Hard,mcq,15.663698267927748
608a7c016193ec3fde12e32f,{'dummy question': 'dummy'},Ict,swe111,Medium,mcq,26.04286280360056
608a7c016193ec3fde12e330,{'dummy question': 'dummy'},Ict,swe111,Hard,mcq,10.70916822724931
608a7c016193ec3fde12e331,{'dummy question': 'dummy'},Ict,swe111,Medium,mcq,26.705682736966004
608a7c016193ec3fde12e332,{'dummy question': 'dummy'},Ict,swe111,Easy,mcq,33.5872925548276
608a7c016193ec3fde12e333,{'dummy question': 'dummy'},Ict,swe111,Easy,mcq,30.95129805256753
608a7c016193ec3fde12e334,{'dummy question': 'dummy'},Ict,swe111,Easy,mcq,39.16347617435616
608a7c016193ec3fde12e335,{'dummy question': 'dummy'},Ict,swe111,Hard,mcq,11.951975265319778
608a7c016193ec3fde12e336,{'dummy question': 'dummy'},Ict,swe111,Medium,mcq,25.103744563520692
608a7c016193ec3fde12e337,{'dummy question': 'dummy'},Ict,swe111,Hard,mcq,14.564524777249726
608a7c016193ec3fde12e338,{'dummy question': 'dummy'},Ict,swe111,Hard,mcq,11.382359375999544
608a7c016193ec3fde12e339,{'dummy question': 'dummy'},Ict,swe111,Easy,mcq,39.839035927700664
608a7c016193ec3fde12e33a,{'dummy question': 'dummy'},Ict,swe111,Medium,mcq,21.25233051667317
608a7c016193ec3fde12e33b,{'dummy question': 'dummy'},Ict,swe111,Hard,mcq,11.25935156704645
608a7c016193ec3fde12e33c,{'dummy question': 'dummy'},Ict,swe111,Medium,mcq,28.583386527996854
608a7c016193ec3fde12e33d,{'dummy question': 'dummy'},Ict,swe111,Hard,mcq,12.237165330792855
608a7c016193ec3fde12e33e,{'dummy question': 'dummy'},Ict,swe111,Easy,mcq,39.227869999363094
608a7c016193ec3fde12e33f,{'dummy question': 'dummy'},Ict,swe111,Easy,mcq,32.46181773417794
608a7c016193ec3fde12e340,{'dummy question': 'dummy'},Ict,swe111,Easy,mcq,39.325629735274596
608a7c016193ec3fde12e341,{'dummy question': 'dummy'},Ict,swe111,Easy,mcq,33.61736030232865
608a7c016193ec3fde12e342,{'dummy question': 'dummy'},Ict,swe111,Easy,mcq,34.26894114934735
608a7c016193ec3fde12e343,{'dummy question': 'dummy'},Ict,swe111,Easy,mcq,34.65687637171221
608a7c016193ec3fde12e344,{'dummy question': 'dummy'},Ict,swe111,Easy,mcq,36.47434478202716
608a7c016193ec3fde12e345,{'dummy question': 'dummy'},Ict,swe111,Easy,mcq,30.08712123567122
608a7c016193ec3fde12e346,{'dummy question': 'dummy'},Ict,swe111,Hard,mcq,11.512109407247685
608a7c016193ec3fde12e347,{'dummy question': 'dummy'},Ict,swe111,Hard,mcq,15.724426517414393
608a7c016193ec3fde12e348,{'dummy question': 'dummy'},Ict,swe111,Easy,mcq,33.613532490845756
608a7c016193ec3fde12e349,{'dummy question': 'dummy'},Ict,swe111,Easy,mcq,33.375066880288585
608a7c016193ec3fde12e34a,{'dummy question': 'dummy'},Ict,swe111,Easy,mcq,36.04066165921289
608a7c016193ec3fde12e34b,{'dummy question': 'dummy'},Ict,swe111,Hard,mcq,11.30905578388514
608a7c016193ec3fde12e34c,{'dummy question': 'dummy'},Ict,swe111,Easy,mcq,37.78399132339613
608a7c016193ec3fde12e34d,{'dummy question': 'dummy'},Ict,swe111,Easy,mcq,39.500816301123265
608a7c016193ec3fde12e34e,{'dummy question': 'dummy'},Ict,swe111,Medium,mcq,19.320825649911615
608a7c016193ec3fde12e34f,{'dummy question': 'dummy'},Ict,swe111,Medium,mcq,18.13693837572118
608a7c016193ec3fde12e350,{'dummy question': 'dummy'},Ict,swe111,Medium,mcq,17.661239144037456
608a7c016193ec3fde12e351,{'dummy question': 'dummy'},Ict,swe111,Hard,mcq,12.008731408547346
608a7c016193ec3fde12e352,{'dummy question': 'dummy'},Ict,swe111,Easy,mcq,34.334022721873694
608a7c016193ec3fde12e353,{'dummy question': 'dummy'},Ict,swe111,Easy,mcq,30.152191650424605
608a7c016193ec3fde12e354,{'dummy question': 'dummy'},Ict,swe111,Easy,mcq,34.873559885752925
608a7c016193ec3fde12e355,{'dummy question': 'dummy'},Ict,swe111,Easy,mcq,33.71845113757707
608a7c016193ec3fde12e356,{'dummy question': 'dummy'},Ict,swe111,Easy,mcq,35.16854147060232
608a7c016193ec3fde12e357,{'dummy question': 'dummy'},Ict,swe111,Easy,mcq,35.92163805592692
608a7c016193ec3fde12e358,{'dummy question': 'dummy'},Ict,swe111,Easy,mcq,30.080517302197514
608a7c016193ec3fde12e359,{'dummy question': 'dummy'},Ict,swe111,Hard,mcq,14.312206149723973
608a7c016193ec3fde12e35a,{'dummy question': 'dummy'},Ict,swe111,Easy,mcq,32.80828861844144
608a7c016193ec3fde12e35b,{'dummy question': 'dummy'},Ict,swe111,Easy,mcq,36.09240635752427
608a7c016193ec3fde12e35c,{'dummy question': 'dummy'},Ict,swe111,Medium,mcq,21.767495238652746
608a7c016193ec3fde12e35d,{'dummy question': 'dummy'},Ict,swe111,Medium,mcq,25.30957488190668
608a7c016193ec3fde12e35e,{'dummy question': 'dummy'},Ict,swe111,Hard,mcq,16.098637002467
608a7c016193ec3fde12e35f,{'dummy question': 'dummy'},Ict,swe111,Medium,mcq,27.038157700344616
608a7c016193ec3fde12e360,{'dummy question': 'dummy'},Ict,swe111,Easy,mcq,32.25395653573727
608a7c016193ec3fde12e361,{'dummy question': 'dummy'},Ict,swe111,Medium,mcq,27.969801188424185
608a7c016193ec3fde12e362,{'dummy question': 'dummy'},Ict,swe111,Medium,mcq,21.455350089781
608a7c016193ec3fde12e363,{'dummy question': 'dummy'},Ict,swe111,Medium,mcq,20.580679497250657
608a7c016193ec3fde12e364,{'dummy question': 'dummy'},Ict,swe111,Medium,mcq,23.571174621577722
608a7c016193ec3fde12e365,{'dummy question': 'dummy'},Ict,swe111,Easy,mcq,37.49775985822524
608a7c016193ec3fde12e366,{'dummy question': 'dummy'},Ict,swe111,Hard,mcq,15.971255079337544
608a7c016193ec3fde12e367,{'dummy question': 'dummy'},Ict,swe111,Easy,mcq,32.859141248878345
608a7c016193ec3fde12e368,{'dummy question': 'dummy'},Ict,swe111,Medium,mcq,24.95834110193818
608a7c016193ec3fde12e369,{'dummy question': 'dummy'},Ict,swe111,Medium,mcq,22.250593100812946
608a7c016193ec3fde12e36a,{'dummy question': 'dummy'},Ict,swe111,Hard,mcq,10.530369557627871
608a7c016193ec3fde12e36b,{'dummy question': 'dummy'},Ict,swe111,Hard,mcq,11.893735020456065
608a7c016193ec3fde12e36c,{'dummy question': 'dummy'},Ict,swe111,Easy,mcq,31.467507124789577
608a7c016193ec3fde12e36d,{'dummy question': 'dummy'},Ict,swe111,Hard,mcq,11.409680950613122
608a7c016193ec3fde12e36e,{'dummy question': 'dummy'},Ict,swe111,Easy,mcq,30.34034709560139
608a7c016193ec3fde12e36f,{'dummy question': 'dummy'},Ict,swe111,Hard,mcq,12.3315065333603
608a7c016193ec3fde12e370,{'dummy question': 'dummy'},Ict,swe111,Hard,mcq,11.77756801902689
608a7c016193ec3fde12e371,{'dummy question': 'dummy'},Ict,swe111,Easy,mcq,31.525332746016865
608a7c016193ec3fde12e372,{'dummy question': 'dummy'},Ict,swe111,Medium,mcq,18.470143332388307
608a7c016193ec3fde12e373,{'dummy question': 'dummy'},Ict,swe111,Easy,mcq,33.66639666041557
608a7c016193ec3fde12e374,{'dummy question': 'dummy'},Ict,swe111,Easy,mcq,37.57659295888625
608a7c016193ec3fde12e375,{'dummy question': 'dummy'},Ict,swe111,Easy,mcq,32.33640990109605
608a7c016193ec3fde12e376,{'dummy question': 'dummy'},Ict,swe111,Easy,mcq,39.60651940412551
608a7c016193ec3fde12e377,{'dummy question': 'dummy'},Ict,swe111,Hard,mcq,11.242661820463924
608a7c016193ec3fde12e378,{'dummy question': 'dummy'},Ict,swe111,Medium,mcq,25.875265484305615
608a7c016193ec3fde12e379,{'dummy question': 'dummy'},Ict,swe111,Medium,mcq,24.257650787655937
608a7c016193ec3fde12e37a,{'dummy question': 'dummy'},Ict,swe111,Easy,mcq,34.110061919427636
608a7c016193ec3fde12e37b,{'dummy question': 'dummy'},Ict,swe111,Easy,mcq,38.90275587437906
608a7c016193ec3fde12e37c,{'dummy question': 'dummy'},Ict,swe111,Hard,mcq,15.498629112990663
608a7c016193ec3fde12e37d,{'dummy question': 'dummy'},Ict,swe111,Medium,mcq,24.739806255871674
608a7c016193ec3fde12e37e,{'dummy question': 'dummy'},Ict,swe111,Medium,mcq,19.535935626010037
608a7c016193ec3fde12e37f,{'dummy question': 'dummy'},Ict,swe111,Medium,mcq,22.1508083578026
608a7c016193ec3fde12e380,{'dummy question': 'dummy'},Ict,swe111,Easy,mcq,35.791383399248815
608a7c016193ec3fde12e381,{'dummy question': 'dummy'},Ict,swe111,Medium,mcq,23.952084725136068
608a7c016193ec3fde12e382,{'dummy question': 'dummy'},Ict,swe111,Easy,mcq,37.04613430883487
608a7c016193ec3fde12e383,{'dummy question': 'dummy'},Ict,swe111,Easy,mcq,31.491518176134807
608a7c016193ec3fde12e384,{'dummy question': 'dummy'},Ict,swe111,Hard,mcq,15.778328088929861
608a7c016193ec3fde12e385,{'dummy question': 'dummy'},Ict,swe111,Easy,mcq,32.369591149109354
608a7c016193ec3fde12e386,{'dummy question': 'dummy'},Ict,swe111,Easy,mcq,37.72650728311041
608a7c016193ec3fde12e387,{'dummy question': 'dummy'},Ict,swe111,Medium,mcq,21.08268036707564
608a7c016193ec3fde12e388,{'dummy question': 'dummy'},Ict,swe111,Medium,mcq,17.699471695953566
608a7c016193ec3fde12e389,{'dummy question': 'dummy'},Ict,swe111,Easy,mcq,34.05461375228798
608a7c016193ec3fde12e38a,{'dummy question': 'dummy'},Ict,swe111,Hard,mcq,13.087720746081686
608a7c016193ec3fde12e38b,{'dummy question': 'dummy'},Ict,swe111,Medium,wrq,35.57813163432579
608a7c016193ec3fde12e38c,{'dummy question': 'dummy'},Ict,swe111,Medium,wrq,28.950546744285813
608a7c016193ec3fde12e38d,{'dummy question': 'dummy'},Ict,swe111,Medium,wrq,39.46910326442666
608a7c016193ec3fde12e38e,{'dummy question': 'dummy'},Ict,swe111,Medium,wrq,30.917252742140622
608a7c016193ec3fde12e38f,{'dummy question': 'dummy'},Ict,swe111,Medium,wrq,34.816855198682546
608a7c016193ec3fde12e390,{'dummy question': 'dummy'},Ict,swe111,Medium,wrq,39.07324610342749
608a7c016193ec3fde12e391,{'dummy question': 'dummy'},Ict,swe111,Medium,wrq,24.228302024730546
608a7c016193ec3fde12e392,{'dummy question': 'dummy'},Ict,swe111,Medium,wrq,28.360690467051466
608a7c016193ec3fde12e393,{'dummy question': 'dummy'},Ict,swe111,Medium,wrq,28.129931996255706
608a7c016193ec3fde12e394,{'dummy question': 'dummy'},Ict,swe111,Medium,wrq,29.812023601743732
608a7c016193ec3fde12e395,{'dummy question': 'dummy'},Ict,swe111,Medium,wrq,26.831962379407127
608a7c016193ec3fde12e396,{'dummy question': 'dummy'},Ict,swe111,Medium,wrq,34.77554317675434
608a7c016193ec3fde12e397,{'dummy question': 'dummy'},Ict,swe111,Medium,wrq,27.37255581545999
608a7c016193ec3fde12e398,{'dummy question': 'dummy'},Ict,swe111,Medium,wrq,24.313119825628057
608a7c016193ec3fde12e399,{'dummy question': 'dummy'},Ict,swe111,Medium,wrq,34.73510344653626
608a7c016193ec3fde12e39a,{'dummy question': 'dummy'},Ict,swe111,Medium,wrq,28.04679613560345
608a7c016193ec3fde12e39b,{'dummy question': 'dummy'},Ict,swe111,Medium,mcq,20.23903613598606
608a7c016193ec3fde12e39c,{'dummy question': 'dummy'},Ict,swe111,Hard,mcq,11.31814089443232
608a7c016193ec3fde12e39d,{'dummy question': 'dummy'},Ict,swe111,Medium,mcq,18.448041001274262
608a7c016193ec3fde12e39e,{'dummy question': 'dummy'},Ict,swe111,Medium,mcq,28.444754822047212
608a7c016193ec3fde12e39f,{'dummy question': 'dummy'},Ict,swe111,Medium,mcq,24.377233955967494
608a7c016193ec3fde12e3a0,{'dummy question': 'dummy'},Ict,swe111,Easy,mcq,38.458427269140316
608a7c016193ec3fde12e3a1,{'dummy question': 'dummy'},Ict,swe111,Medium,mcq,28.41165202530808
608a7c016193ec3fde12e3a2,{'dummy question': 'dummy'},Ict,swe111,Easy,mcq,34.535823495416864
608a7c016193ec3fde12e3a3,{'dummy question': 'dummy'},Ict,swe111,Medium,mcq,23.02747887512383
608a7c016193ec3fde12e3a4,{'dummy question': 'dummy'},Ict,swe111,Medium,mcq,23.258506705066843
608a7c016193ec3fde12e3a5,{'dummy question': 'dummy'},Ict,swe111,Easy,mcq,32.634494135832874
608a7c016193ec3fde12e3a6,{'dummy question': 'dummy'},Ict,swe111,Easy,mcq,37.163379429091236
608a7c016193ec3fde12e3a7,{'dummy question': 'dummy'},Ict,swe111,Easy,mcq,38.845914274961956
608a7c016193ec3fde12e3a8,{'dummy question': 'dummy'},Ict,swe111,Medium,mcq,17.322610760636557
608a7c016193ec3fde12e3a9,{'dummy question': 'dummy'},Ict,swe111,Easy,mcq,32.14137327096196
608a7c016193ec3fde12e3aa,{'dummy question': 'dummy'},Ict,swe111,Easy,mcq,35.280109321918005
608a7c016193ec3fde12e3ab,{'dummy question': 'dummy'},Ict,swe111,Medium,mcq,19.325357846814555
608a7c016193ec3fde12e3ac,{'dummy question': 'dummy'},Ict,swe111,Medium,mcq,21.50415582552356
608a7c016193ec3fde12e3ad,{'dummy question': 'dummy'},Ict,swe111,Easy,mcq,36.281391868356565
608a7c016193ec3fde12e3ae,{'dummy question': 'dummy'},Ict,swe111,Hard,mcq,14.40425841386655
608a7c016193ec3fde12e3af,{'dummy question': 'dummy'},Ict,swe111,Easy,mcq,39.40575459111997
608a7c016193ec3fde12e3b0,{'dummy question': 'dummy'},Ict,swe111,Hard,mcq,12.583227462689813
608a7c016193ec3fde12e3b1,{'dummy question': 'dummy'},Ict,swe111,Medium,mcq,23.092956221236264
608a7c016193ec3fde12e3b2,{'dummy question': 'dummy'},Ict,swe111,Easy,mcq,30.996091674028136
608a7c016193ec3fde12e3b3,{'dummy question': 'dummy'},Ict,swe111,Medium,mcq,24.256064357307977
608a7c016193ec3fde12e3b4,{'dummy question': 'dummy'},Ict,swe111,Medium,mcq,27.035019773025013
608a7c016193ec3fde12e3b5,{'dummy question': 'dummy'},Ict,swe111,Hard,mcq,14.417191743810985
608a7c016193ec3fde12e3b6,{'dummy question': 'dummy'},Ict,swe111,Medium,mcq,23.363998537097334
608a7c016193ec3fde12e3b7,{'dummy question': 'dummy'},Ict,swe111,Medium,mcq,19.938427980570616
608a7c016193ec3fde12e3b8,{'dummy question': 'dummy'},Ict,swe111,Medium,mcq,21.751493620168677
608a7c016193ec3fde12e3b9,{'dummy question': 'dummy'},Ict,swe111,Medium,mcq,27.799001321873078
608a7c016193ec3fde12e3ba,{'dummy question': 'dummy'},Ict,swe111,Easy,mcq,32.44305732426826
608a7c016193ec3fde12e3bb,{'dummy question': 'dummy'},Ict,swe111,Medium,mcq,26.62869075636572
608a7c016193ec3fde12e3bc,{'dummy question': 'dummy'},Ict,swe111,Easy,mcq,34.17157653461486
608a7c016193ec3fde12e3bd,{'dummy question': 'dummy'},Ict,swe111,Medium,mcq,21.638613756974422
608a7c016193ec3fde12e3be,{'dummy question': 'dummy'},Ict,swe111,Easy,mcq,38.346855527828055
608a7c016193ec3fde12e3bf,{'dummy question': 'dummy'},Ict,swe111,Easy,mcq,33.92880503237137
608a7c016193ec3fde12e3c0,{'dummy question': 'dummy'},Ict,swe111,Medium,mcq,23.457012404613984
608a7c016193ec3fde12e3c1,{'dummy question': 'dummy'},Ict,swe111,Easy,mcq,32.14976177192625
608a7c016193ec3fde12e3c2,{'dummy question': 'dummy'},Ict,swe111,Hard,mcq,16.175701020384512
608a7c016193ec3fde12e3c3,{'dummy question': 'dummy'},Ict,swe111,Easy,mcq,39.3691854311275
608a7c016193ec3fde12e3c4,{'dummy question': 'dummy'},Ict,swe111,Medium,mcq,28.57699228132032
608a7c016193ec3fde12e3c5,{'dummy question': 'dummy'},Ict,swe111,Easy,mcq,35.111498965984694
608a7c016193ec3fde12e3c6,{'dummy question': 'dummy'},Ict,swe111,Easy,mcq,30.230364296261886
608a7c016193ec3fde12e3c7,{'dummy question': 'dummy'},Ict,swe111,Medium,mcq,28.71213084242762
608a7c016193ec3fde12e3c8,{'dummy question': 'dummy'},Ict,swe111,Hard,mcq,14.053753153396851
608a7c016193ec3fde12e3c9,{'dummy question': 'dummy'},Ict,swe111,Medium,mcq,20.143570571892415
608a7c016193ec3fde12e3ca,{'dummy question': 'dummy'},Ict,swe111,Easy,mcq,36.64015043516957
608a7c016193ec3fde12e3cb,{'dummy question': 'dummy'},Ict,swe111,Medium,mcq,23.56265548059433
608a7c016193ec3fde12e3cc,{'dummy question': 'dummy'},Ict,swe111,Medium,mcq,26.32535646444119
608a7c016193ec3fde12e3cd,{'dummy question': 'dummy'},Ict,swe111,Medium,mcq,17.038141503812177
608a7c016193ec3fde12e3ce,{'dummy question': 'dummy'},Ict,swe111,Hard,mcq,16.82326500185473
608a7c016193ec3fde12e3cf,{'dummy question': 'dummy'},Ict,swe111,Medium,mcq,28.116798540098074
608a7c016193ec3fde12e3d0,{'dummy question': 'dummy'},Ict,swe111,Easy,mcq,38.01071101630086
608a7c016193ec3fde12e3d1,{'dummy question': 'dummy'},Ict,swe111,Medium,mcq,20.08208471731119
608a7c016193ec3fde12e3d2,{'dummy question': 'dummy'},Ict,swe111,Medium,mcq,21.615589094054002
608a7c016193ec3fde12e3d3,{'dummy question': 'dummy'},Ict,swe111,Medium,mcq,19.60759361714409
608a7c016193ec3fde12e3d4,{'dummy question': 'dummy'},Ict,swe111,Easy,mcq,32.98639799589607
608a7c016193ec3fde12e3d5,{'dummy question': 'dummy'},Ict,swe111,Easy,mcq,37.365387895897186
608a7c016193ec3fde12e3d6,{'dummy question': 'dummy'},Ict,swe111,Easy,mcq,38.145475829007886
608a7c016193ec3fde12e3d7,{'dummy question': 'dummy'},Ict,swe111,Medium,mcq,20.674310136410746
608a7c016193ec3fde12e3d8,{'dummy question': 'dummy'},Ict,swe111,Medium,mcq,18.527710892216394
608a7c016193ec3fde12e3d9,{'dummy question': 'dummy'},Ict,swe111,Easy,mcq,30.011391977393323
608a7c016193ec3fde12e3da,{'dummy question': 'dummy'},Ict,swe111,Hard,mcq,12.028056843773298
608a7c016193ec3fde12e3db,{'dummy question': 'dummy'},Ict,swe111,Medium,mcq,17.643640462020766
608a7c016193ec3fde12e3dc,{'dummy question': 'dummy'},Ict,swe111,Easy,mcq,31.95014602530652
608a7c016193ec3fde12e3dd,{'dummy question': 'dummy'},Ict,swe111,Easy,mcq,34.76164202791257
608a7c016193ec3fde12e3de,{'dummy question': 'dummy'},Ict,swe111,Medium,mcq,26.364370442480944
608a7c016193ec3fde12e3df,{'dummy question': 'dummy'},Ict,swe111,Medium,mcq,27.90219155576193
608a7c016193ec3fde12e3e0,{'dummy question': 'dummy'},Ict,swe111,Hard,mcq,14.064007776488186
608a7c016193ec3fde12e3e1,{'dummy question': 'dummy'},Ict,swe111,Easy,mcq,39.493112117915594
608a7c016193ec3fde12e3e2,{'dummy question': 'dummy'},Ict,swe111,Medium,mcq,24.040902405251103
608a7c016193ec3fde12e3e3,{'dummy question': 'dummy'},Ict,swe111,Easy,mcq,34.83079539304405
608a7c016193ec3fde12e3e4,{'dummy question': 'dummy'},Ict,swe111,Hard,mcq,15.217412752591617
608a7c016193ec3fde12e3e5,{'dummy question': 'dummy'},Ict,swe111,Easy,mcq,36.98453764606538
608a7c016193ec3fde12e3e6,{'dummy question': 'dummy'},Ict,swe111,Easy,mcq,30.363010644556468
608a7c016193ec3fde12e3e7,{'dummy question': 'dummy'},Ict,swe111,Medium,mcq,22.761727253768875
608a7c016193ec3fde12e3e8,{'dummy question': 'dummy'},Ict,swe111,Medium,mcq,29.2206649836705
608a7c016193ec3fde12e3e9,{'dummy question': 'dummy'},Ict,swe111,Hard,mcq,12.821473764659668
608a7c016193ec3fde12e3ea,{'dummy question': 'dummy'},Ict,swe111,Hard,mcq,12.963359472250076
608a7c016193ec3fde12e3eb,{'dummy question': 'dummy'},Ict,swe111,Medium,mcq,25.774159975522025
608a7c016193ec3fde12e3ec,{'dummy question': 'dummy'},Ict,swe111,Easy,mcq,37.24046369078673
608a7c016193ec3fde12e3ed,{'dummy question': 'dummy'},Ict,swe111,Medium,mcq,29.36902828447274
608a7c016193ec3fde12e3ee,{'dummy question': 'dummy'},Ict,swe111,Hard,mcq,16.355490731481687
608a7c016193ec3fde12e3ef,{'dummy question': 'dummy'},Ict,swe111,Easy,mcq,30.67179971292481
608a7c016193ec3fde12e3f0,{'dummy question': 'dummy'},Ict,swe111,Easy,mcq,36.90548705356884
608a7c016193ec3fde12e3f1,{'dummy question': 'dummy'},Ict,swe111,Easy,mcq,36.16874685658835
608a7c016193ec3fde12e3f2,{'dummy question': 'dummy'},Ict,swe111,Medium,mcq,26.026735057045713
608a7c016193ec3fde12e3f3,{'dummy question': 'dummy'},Ict,swe111,Medium,mcq,23.24428208306347
608a7c016193ec3fde12e3f4,{'dummy question': 'dummy'},Ict,swe111,Easy,mcq,39.45433649049488
608a7c016193ec3fde12e3f5,{'dummy question': 'dummy'},Ict,swe111,Medium,mcq,18.499735280185355
608a7c016193ec3fde12e3f6,{'dummy question': 'dummy'},Ict,swe111,Medium,mcq,28.703358044864896
608a7c016193ec3fde12e3f7,{'dummy question': 'dummy'},Ict,swe111,Medium,mcq,22.07385301760548
608a7c016193ec3fde12e3f8,{'dummy question': 'dummy'},Ict,swe111,Medium,mcq,21.96089065837633
608a7c016193ec3fde12e3f9,{'dummy question': 'dummy'},Ict,swe111,Easy,mcq,37.60506418990444
608a7c016193ec3fde12e3fa,{'dummy question': 'dummy'},Ict,swe111,Medium,mcq,27.369078227188187
608a7c016193ec3fde12e3fb,{'dummy question': 'dummy'},Ict,swe111,Easy,mcq,32.845087169321225
608a7c016193ec3fde12e3fc,{'dummy question': 'dummy'},Ict,swe111,Easy,mcq,39.40470767748828
608a7c016193ec3fde12e3fd,{'dummy question': 'dummy'},Ict,swe111,Medium,mcq,28.419547397253915
608a7c016193ec3fde12e3fe,{'dummy question': 'dummy'},Ict,swe111,Medium,mcq,29.348508361726847
608a7c016193ec3fde12e3ff,{'dummy question': 'dummy'},Ict,swe111,Medium,wrq,33.6987846871268
608a7c016193ec3fde12e400,{'dummy question': 'dummy'},Ict,swe111,Medium,wrq,25.380572059379844
608a7c016193ec3fde12e401,{'dummy question': 'dummy'},Ict,swe111,Medium,wrq,34.62083003513829
608a7c016193ec3fde12e402,{'dummy question': 'dummy'},Ict,swe111,Medium,wrq,33.43267383694548
608a7c016193ec3fde12e403,{'dummy question': 'dummy'},Ict,swe111,Medium,wrq,28.82832214248532
608a7c016193ec3fde12e404,{'dummy question': 'dummy'},Ict,swe111,Medium,wrq,29.11886354391886
608a7c016193ec3fde12e405,{'dummy question': 'dummy'},Ict,swe111,Medium,wrq,22.737797315318257
608a7c016193ec3fde12e406,{'dummy question': 'dummy'},Ict,swe111,Medium,wrq,31.790904710713864
608a7c016193ec3fde12e407,{'dummy question': 'dummy'},Ict,swe111,Medium,wrq,35.190412731159
608a7c016193ec3fde12e408,{'dummy question': 'dummy'},Ict,swe111,Medium,wrq,32.82421245040922
608a7c016193ec3fde12e409,{'dummy question': 'dummy'},Ict,swe111,Medium,wrq,29.030810091155676
608a7c016193ec3fde12e40a,{'dummy question': 'dummy'},Ict,swe111,Medium,wrq,37.98566458528303
608a7c016193ec3fde12e40b,{'dummy question': 'dummy'},Ict,swe111,Medium,wrq,26.628739816150294
608a7c026193ec3fde12e40c,{'dummy question': 'dummy'},Ict,swe111,Hard,mcq,15.354518297212389
608a7c026193ec3fde12e40d,{'dummy question': 'dummy'},Ict,swe111,Easy,mcq,31.196570538319055
608a7c026193ec3fde12e40e,{'dummy question': 'dummy'},Ict,swe111,Easy,mcq,31.189007689038604
608a7c026193ec3fde12e40f,{'dummy question': 'dummy'},Ict,swe111,Easy,mcq,31.835933884665568
608a7c026193ec3fde12e410,{'dummy question': 'dummy'},Ict,swe111,Easy,mcq,34.15713205900141
608a7c026193ec3fde12e411,{'dummy question': 'dummy'},Ict,swe111,Medium,mcq,20.432051158383707
608a7c026193ec3fde12e412,{'dummy question': 'dummy'},Ict,swe111,Medium,mcq,25.72636275822542
608a7c026193ec3fde12e413,{'dummy question': 'dummy'},Ict,swe111,Medium,mcq,18.08040772565247
608a7c026193ec3fde12e414,{'dummy question': 'dummy'},Ict,swe111,Easy,mcq,37.31033572145263
608a7c026193ec3fde12e415,{'dummy question': 'dummy'},Ict,swe111,Hard,mcq,13.06195446532432
608a7c026193ec3fde12e416,{'dummy question': 'dummy'},Ict,swe111,Medium,mcq,24.997176529405678
608a7c026193ec3fde12e417,{'dummy question': 'dummy'},Ict,swe111,Medium,mcq,27.928205020484615
608a7c026193ec3fde12e418,{'dummy question': 'dummy'},Ict,swe111,Medium,mcq,20.049039273505045
608a7c026193ec3fde12e419,{'dummy question': 'dummy'},Ict,swe111,Hard,mcq,16.268159669751494
608a7c026193ec3fde12e41a,{'dummy question': 'dummy'},Ict,swe111,Medium,mcq,18.89405453885244
608a7c026193ec3fde12e41b,{'dummy question': 'dummy'},Ict,swe111,Medium,mcq,29.230272586572454
608a7c026193ec3fde12e41c,{'dummy question': 'dummy'},Ict,swe111,Medium,mcq,18.898180792429766
608a7c026193ec3fde12e41d,{'dummy question': 'dummy'},Ict,swe111,Hard,mcq,13.714506675566147
608a7c026193ec3fde12e41e,{'dummy question': 'dummy'},Ict,swe111,Hard,mcq,16.720244073251834
608a7c026193ec3fde12e41f,{'dummy question': 'dummy'},Ict,swe111,Easy,mcq,36.543699709633444
608a7c026193ec3fde12e420,{'dummy question': 'dummy'},Ict,swe111,Hard,mcq,11.14478526101073
608a7c026193ec3fde12e421,{'dummy question': 'dummy'},Ict,swe111,Hard,mcq,13.334042661496431
608a7c026193ec3fde12e422,{'dummy question': 'dummy'},Ict,swe111,Easy,mcq,35.905427104927114
608a7c026193ec3fde12e423,{'dummy question': 'dummy'},Ict,swe111,Easy,mcq,35.27965911745599
608a7c026193ec3fde12e424,{'dummy question': 'dummy'},Ict,swe111,Medium,mcq,26.87091357023855
608a7c026193ec3fde12e425,{'dummy question': 'dummy'},Ict,swe111,Hard,mcq,10.66084407328663
608a7c026193ec3fde12e426,{'dummy question': 'dummy'},Ict,swe111,Hard,mcq,11.34675732500378
608a7c026193ec3fde12e427,{'dummy question': 'dummy'},Ict,swe111,Medium,mcq,29.66812971866999
608a7c026193ec3fde12e428,{'dummy question': 'dummy'},Ict,swe111,Easy,mcq,33.12969806886447
608a7c026193ec3fde12e429,{'dummy question': 'dummy'},Ict,swe111,Medium,mcq,19.1704790061742
608a7c026193ec3fde12e42a,{'dummy question': 'dummy'},Ict,swe111,Hard,mcq,12.72740105338131
608a7c026193ec3fde12e42b,{'dummy question': 'dummy'},Ict,swe111,Medium,mcq,20.61225057381477
608a7c026193ec3fde12e42c,{'dummy question': 'dummy'},Ict,swe111,Easy,mcq,33.43790954186049
608a7c026193ec3fde12e42d,{'dummy question': 'dummy'},Ict,swe111,Medium,mcq,22.684347268900584
608a7c026193ec3fde12e42e,{'dummy question': 'dummy'},Ict,swe111,Medium,mcq,26.583109848152326
608a7c026193ec3fde12e42f,{'dummy question': 'dummy'},Ict,swe111,Easy,mcq,39.65227485733581
608a7c026193ec3fde12e430,{'dummy question': 'dummy'},Ict,swe111,Easy,mcq,36.11013460600019
608a7c026193ec3fde12e431,{'dummy question': 'dummy'},Ict,swe111,Medium,mcq,22.284009418056336
608a7c026193ec3fde12e432,{'dummy question': 'dummy'},Ict,swe111,Easy,mcq,37.108243358516745
608a7c026193ec3fde12e433,{'dummy question': 'dummy'},Ict,swe111,Medium,mcq,24.730451219964756
608a7c026193ec3fde12e434,{'dummy question': 'dummy'},Ict,swe111,Hard,mcq,16.52309862306898
608a7c026193ec3fde12e435,{'dummy question': 'dummy'},Ict,swe111,Easy,mcq,32.925617242987435
608a7c026193ec3fde12e436,{'dummy question': 'dummy'},Ict,swe111,Easy,mcq,34.70982088976888
608a7c026193ec3fde12e437,{'dummy question': 'dummy'},Ict,swe111,Medium,mcq,23.41571412424043
608a7c026193ec3fde12e438,{'dummy question': 'dummy'},Ict,swe111,Medium,mcq,24.287894672219824
608a7c026193ec3fde12e439,{'dummy question': 'dummy'},Ict,swe111,Easy,mcq,39.14118310518123
608a7c026193ec3fde12e43a,{'dummy question': 'dummy'},Ict,swe111,Medium,mcq,23.31294396975881
608a7c026193ec3fde12e43b,{'dummy question': 'dummy'},Ict,swe111,Easy,mcq,38.26930428712093
608a7c026193ec3fde12e43c,{'dummy question': 'dummy'},Ict,swe111,Medium,mcq,27.649321207929066
608a7c026193ec3fde12e43d,{'dummy question': 'dummy'},Ict,swe111,Easy,mcq,39.62080006790059
608a7c026193ec3fde12e43e,{'dummy question': 'dummy'},Ict,swe111,Easy,mcq,36.1100814242681
608a7c026193ec3fde12e43f,{'dummy question': 'dummy'},Ict,swe111,Medium,mcq,20.42963343880486
608a7c026193ec3fde12e440,{'dummy question': 'dummy'},Ict,swe111,Medium,mcq,19.498937007213573
608a7c026193ec3fde12e441,{'dummy question': 'dummy'},Ict,swe111,Medium,mcq,22.319125357174578
608a7c026193ec3fde12e442,{'dummy question': 'dummy'},Ict,swe111,Easy,mcq,30.59211205461358
608a7c026193ec3fde12e443,{'dummy question': 'dummy'},Ict,swe111,Hard,mcq,14.132709626651575
608a7c026193ec3fde12e444,{'dummy question': 'dummy'},Ict,swe111,Medium,mcq,25.71864235938076
608a7c026193ec3fde12e445,{'dummy question': 'dummy'},Ict,swe111,Easy,mcq,38.813127148480405
608a7c026193ec3fde12e446,{'dummy question': 'dummy'},Ict,swe111,Easy,mcq,36.86419998845604
608a7c026193ec3fde12e447,{'dummy question': 'dummy'},Ict,swe111,Easy,mcq,33.46293731083994
608a7c026193ec3fde12e448,{'dummy question': 'dummy'},Ict,swe111,Medium,mcq,25.954523619551843
608a7c026193ec3fde12e449,{'dummy question': 'dummy'},Ict,swe111,Medium,mcq,20.20308316777815
608a7c026193ec3fde12e44a,{'dummy question': 'dummy'},Ict,swe111,Medium,mcq,29.538871011871354
608a7c026193ec3fde12e44b,{'dummy question': 'dummy'},Ict,swe111,Medium,mcq,29.738070210946358
608a7c026193ec3fde12e44c,{'dummy question': 'dummy'},Ict,swe111,Easy,mcq,36.23719563420211
608a7c026193ec3fde12e44d,{'dummy question': 'dummy'},Ict,swe111,Medium,mcq,27.603162062028968
608a7c026193ec3fde12e44e,{'dummy question': 'dummy'},Ict,swe111,Hard,mcq,10.162723572926275
608a7c026193ec3fde12e44f,{'dummy question': 'dummy'},Ict,swe111,Easy,mcq,30.633033665247012
608a7c026193ec3fde12e450,{'dummy question': 'dummy'},Ict,swe111,Medium,mcq,25.60142573514801
608a7c026193ec3fde12e451,{'dummy question': 'dummy'},Ict,swe111,Medium,mcq,22.08928959903985
608a7c026193ec3fde12e452,{'dummy question': 'dummy'},Ict,swe111,Easy,mcq,37.4915584659742
608a7c026193ec3fde12e453,{'dummy question': 'dummy'},Ict,swe111,Medium,mcq,20.478345794463145
608a7c026193ec3fde12e454,{'dummy question': 'dummy'},Ict,swe111,Easy,mcq,32.162499024040386
608a7c026193ec3fde12e455,{'dummy question': 'dummy'},Ict,swe111,Hard,mcq,14.225803714207839
608a7c026193ec3fde12e456,{'dummy question': 'dummy'},Ict,swe111,Easy,mcq,32.83646269131086
608a7c026193ec3fde12e457,{'dummy question': 'dummy'},Ict,swe111,Hard,mcq,13.807332336523462
608a7c026193ec3fde12e458,{'dummy question': 'dummy'},Ict,swe111,Medium,mcq,18.433717487894718
608a7c026193ec3fde12e459,{'dummy question': 'dummy'},Ict,swe111,Hard,mcq,11.67479536175001
608a7c026193ec3fde12e45a,{'dummy question': 'dummy'},Ict,swe111,Hard,mcq,16.618165783336742
608a7c026193ec3fde12e45b,{'dummy question': 'dummy'},Ict,swe111,Easy,mcq,30.525553149222596
608a7c026193ec3fde12e45c,{'dummy question': 'dummy'},Ict,swe111,Medium,mcq,24.46889704948903
608a7c026193ec3fde12e45d,{'dummy question': 'dummy'},Ict,swe111,Hard,mcq,15.043601443296144
608a7c026193ec3fde12e45e,{'dummy question': 'dummy'},Ict,swe111,Medium,mcq,26.673856520050837
608a7c026193ec3fde12e45f,{'dummy question': 'dummy'},Ict,swe111,Medium,mcq,24.459160576534977
608a7c026193ec3fde12e460,{'dummy question': 'dummy'},Ict,swe111,Medium,mcq,19.51814185909486
608a7c026193ec3fde12e461,{'dummy question': 'dummy'},Ict,swe111,Easy,mcq,36.631101775309055
608a7c026193ec3fde12e462,{'dummy question': 'dummy'},Ict,swe111,Medium,mcq,18.79991286903425
608a7c026193ec3fde12e463,{'dummy question': 'dummy'},Ict,swe111,Hard,mcq,11.297691891456411
608a7c026193ec3fde12e464,{'dummy question': 'dummy'},Ict,swe111,Easy,mcq,39.24035661449409
608a7c026193ec3fde12e465,{'dummy question': 'dummy'},Ict,swe111,Easy,mcq,39.74859211052539
608a7c026193ec3fde12e466,{'dummy question': 'dummy'},Ict,swe111,Easy,mcq,33.78245430571231
608a7c026193ec3fde12e467,{'dummy question': 'dummy'},Ict,swe111,Medium,mcq,24.585140234270025
608a7c026193ec3fde12e468,{'dummy question': 'dummy'},Ict,swe111,Hard,mcq,11.539558407315072
608a7c026193ec3fde12e469,{'dummy question': 'dummy'},Ict,swe111,Medium,mcq,26.356663629756273
608a7c026193ec3fde12e46a,{'dummy question': 'dummy'},Ict,swe111,Medium,mcq,18.20768291664741
608a7c026193ec3fde12e46b,{'dummy question': 'dummy'},Ict,swe111,Medium,mcq,29.80092944433091
608a7c026193ec3fde12e46c,{'dummy question': 'dummy'},Ict,swe111,Hard,mcq,14.770996293142623
608a7c026193ec3fde12e46d,{'dummy question': 'dummy'},Ict,swe111,Easy,mcq,36.34919984636874
608a7c026193ec3fde12e46e,{'dummy question': 'dummy'},Ict,swe111,Easy,mcq,36.650398029373164
608a7c026193ec3fde12e46f,{'dummy question': 'dummy'},Ict,swe111,Medium,mcq,20.011745588286765
608a7c026193ec3fde12e470,{'dummy question': 'dummy'},Ict,swe111,Medium,wrq,28.85855810709502
608a7c026193ec3fde12e471,{'dummy question': 'dummy'},Ict,swe111,Medium,wrq,37.403281366453264
608a7c026193ec3fde12e472,{'dummy question': 'dummy'},Ict,swe111,Medium,wrq,35.25443102576084
608a7c026193ec3fde12e473,{'dummy question': 'dummy'},Ict,swe111,Medium,wrq,34.370806684541186
608a7c026193ec3fde12e474,{'dummy question': 'dummy'},Ict,swe111,Medium,wrq,33.672545200911486
608a7c026193ec3fde12e475,{'dummy question': 'dummy'},Ict,swe111,Medium,wrq,22.50907227494868
608a7c026193ec3fde12e476,{'dummy question': 'dummy'},Ict,swe111,Medium,wrq,23.113995225333625
608a7c026193ec3fde12e477,{'dummy question': 'dummy'},Ict,swe111,Medium,wrq,38.48163200623996
608a7c026193ec3fde12e478,{'dummy question': 'dummy'},Ict,swe111,Medium,wrq,23.890756459919317
608a7c026193ec3fde12e479,{'dummy question': 'dummy'},Ict,swe111,Medium,wrq,25.83419394381081
608a7c026193ec3fde12e47a,{'dummy question': 'dummy'},Ict,swe111,Medium,wrq,28.511145414572553
608a7c026193ec3fde12e47b,{'dummy question': 'dummy'},Ict,swe111,Medium,wrq,35.579074314555925
608a7c026193ec3fde12e47c,{'dummy question': 'dummy'},Ict,swe111,Medium,wrq,27.826669550950953
608a7c026193ec3fde12e47d,{'dummy question': 'dummy'},Ict,swe111,Medium,wrq,37.17651188851231
608a7c026193ec3fde12e47e,{'dummy question': 'dummy'},Ict,swe111,Medium,wrq,25.220556557117696
608a7c026193ec3fde12e47f,{'dummy question': 'dummy'},Ict,swe111,Medium,wrq,29.02111779370494
608a7c026193ec3fde12e480,{'dummy question': 'dummy'},Ict,swe111,Medium,wrq,31.862528369971344
608a7c026193ec3fde12e481,{'dummy question': 'dummy'},Ict,swe111,Medium,wrq,27.714289187185813
608a7c026193ec3fde12e482,{'dummy question': 'dummy'},Ict,swe111,Medium,wrq,34.543197165015485
608a7c026193ec3fde12e483,{'dummy question': 'dummy'},Ict,swe111,Medium,wrq,35.96603876584483
608a7c026193ec3fde12e484,{'dummy question': 'dummy'},Ict,swe111,Medium,wrq,28.967743652913025
608a7c026193ec3fde12e485,{'dummy question': 'dummy'},Ict,swe111,Medium,wrq,37.09282415707661
608a7c026193ec3fde12e486,{'dummy question': 'dummy'},Ict,swe111,Easy,mcq,35.82121723381918
608a7c026193ec3fde12e487,{'dummy question': 'dummy'},Ict,swe111,Easy,mcq,33.30429021321439
608a7c026193ec3fde12e488,{'dummy question': 'dummy'},Ict,swe111,Medium,mcq,20.31474549171746
608a7c026193ec3fde12e489,{'dummy question': 'dummy'},Ict,swe111,Medium,mcq,24.252623136038224
608a7c026193ec3fde12e48a,{'dummy question': 'dummy'},Ict,swe111,Hard,mcq,10.28716076258782
608a7c026193ec3fde12e48b,{'dummy question': 'dummy'},Ict,swe111,Medium,mcq,20.741996693420717
608a7c026193ec3fde12e48c,{'dummy question': 'dummy'},Ict,swe111,Medium,mcq,27.441150594692587
608a7c026193ec3fde12e48d,{'dummy question': 'dummy'},Ict,swe111,Medium,mcq,21.645227431219237
608a7c026193ec3fde12e48e,{'dummy question': 'dummy'},Ict,swe111,Medium,mcq,27.801129814613148
608a7c026193ec3fde12e48f,{'dummy question': 'dummy'},Ict,swe111,Medium,mcq,25.63093740995134
608a7c026193ec3fde12e490,{'dummy question': 'dummy'},Ict,swe111,Hard,mcq,16.44198036013709
608a7c026193ec3fde12e491,{'dummy question': 'dummy'},Ict,swe111,Hard,mcq,16.600483419833
608a7c026193ec3fde12e492,{'dummy question': 'dummy'},Ict,swe111,Medium,mcq,26.313597440856505
608a7c026193ec3fde12e493,{'dummy question': 'dummy'},Ict,swe111,Hard,mcq,15.578954975374991
608a7c026193ec3fde12e494,{'dummy question': 'dummy'},Ict,swe111,Easy,mcq,39.58601334171679
608a7c026193ec3fde12e495,{'dummy question': 'dummy'},Ict,swe111,Easy,mcq,38.83073776785356
608a7c026193ec3fde12e496,{'dummy question': 'dummy'},Ict,swe111,Hard,mcq,10.826253042146805
608a7c026193ec3fde12e497,{'dummy question': 'dummy'},Ict,swe111,Hard,mcq,11.826804339613965
608a7c026193ec3fde12e498,{'dummy question': 'dummy'},Ict,swe111,Hard,mcq,10.923706737900677
608a7c026193ec3fde12e499,{'dummy question': 'dummy'},Ict,swe111,Hard,mcq,15.175339562681799
608a7c026193ec3fde12e49a,{'dummy question': 'dummy'},Ict,swe111,Easy,mcq,35.95776704595098
608a7c026193ec3fde12e49b,{'dummy question': 'dummy'},Ict,swe111,Hard,mcq,10.41539597449318
608a7c026193ec3fde12e49c,{'dummy question': 'dummy'},Ict,swe111,Easy,mcq,36.69203155727171
608a7c026193ec3fde12e49d,{'dummy question': 'dummy'},Ict,swe111,Medium,mcq,18.671382135730255
608a7c026193ec3fde12e49e,{'dummy question': 'dummy'},Ict,swe111,Medium,mcq,18.30899779046681
608a7c026193ec3fde12e49f,{'dummy question': 'dummy'},Ict,swe111,Easy,mcq,36.948827022339515
608a7c026193ec3fde12e4a0,{'dummy question': 'dummy'},Ict,swe111,Medium,mcq,19.7982961934445
608a7c026193ec3fde12e4a1,{'dummy question': 'dummy'},Ict,swe111,Medium,mcq,20.933796980484264
608a7c026193ec3fde12e4a2,{'dummy question': 'dummy'},Ict,swe111,Medium,mcq,20.4271673580292
608a7c026193ec3fde12e4a3,{'dummy question': 'dummy'},Ict,swe111,Medium,mcq,20.5572970783333
608a7c026193ec3fde12e4a4,{'dummy question': 'dummy'},Ict,swe111,Medium,mcq,25.437944660495262
608a7c026193ec3fde12e4a5,{'dummy question': 'dummy'},Ict,swe111,Easy,mcq,37.19782753531088
608a7c026193ec3fde12e4a6,{'dummy question': 'dummy'},Ict,swe111,Medium,mcq,19.957566614704678
608a7c026193ec3fde12e4a7,{'dummy question': 'dummy'},Ict,swe111,Medium,mcq,22.20881044417866
608a7c026193ec3fde12e4a8,{'dummy question': 'dummy'},Ict,swe111,Medium,mcq,23.312994943526505
608a7c026193ec3fde12e4a9,{'dummy question': 'dummy'},Ict,swe111,Easy,mcq,31.645961288991916
608a7c026193ec3fde12e4aa,{'dummy question': 'dummy'},Ict,swe111,Medium,mcq,28.70321397308316
608a7c026193ec3fde12e4ab,{'dummy question': 'dummy'},Ict,swe111,Easy,mcq,31.44922007845634
608a7c026193ec3fde12e4ac,{'dummy question': 'dummy'},Ict,swe111,Hard,mcq,10.74110837338297
608a7c026193ec3fde12e4ad,{'dummy question': 'dummy'},Ict,swe111,Medium,mcq,28.054061105823223
608a7c026193ec3fde12e4ae,{'dummy question': 'dummy'},Ict,swe111,Easy,mcq,31.3469441431607
608a7c026193ec3fde12e4af,{'dummy question': 'dummy'},Ict,swe111,Medium,mcq,19.673003800871225
608a7c026193ec3fde12e4b0,{'dummy question': 'dummy'},Ict,swe111,Medium,mcq,27.65909639729965
608a7c026193ec3fde12e4b1,{'dummy question': 'dummy'},Ict,swe111,Hard,mcq,11.419530897488295
608a7c026193ec3fde12e4b2,{'dummy question': 'dummy'},Ict,swe111,Easy,mcq,34.62490001751317
608a7c026193ec3fde12e4b3,{'dummy question': 'dummy'},Ict,swe111,Easy,mcq,37.54650629269494
608a7c026193ec3fde12e4b4,{'dummy question': 'dummy'},Ict,swe111,Easy,mcq,37.93373370724487
608a7c026193ec3fde12e4b5,{'dummy question': 'dummy'},Ict,swe111,Hard,mcq,11.533680283312865
608a7c026193ec3fde12e4b6,{'dummy question': 'dummy'},Ict,swe111,Easy,mcq,39.3745976937143
608a7c026193ec3fde12e4b7,{'dummy question': 'dummy'},Ict,swe111,Hard,mcq,10.570811737992734
608a7c026193ec3fde12e4b8,{'dummy question': 'dummy'},Ict,swe111,Easy,mcq,34.56335719361131
608a7c026193ec3fde12e4b9,{'dummy question': 'dummy'},Ict,swe111,Medium,mcq,18.18283490251192
608a7c026193ec3fde12e4ba,{'dummy question': 'dummy'},Ict,swe111,Easy,mcq,30.300183318495964
608a7c026193ec3fde12e4bb,{'dummy question': 'dummy'},Ict,swe111,Medium,mcq,26.00423679138537
608a7c026193ec3fde12e4bc,{'dummy question': 'dummy'},Ict,swe111,Medium,mcq,17.292246475712016
608a7c026193ec3fde12e4bd,{'dummy question': 'dummy'},Ict,swe111,Easy,mcq,35.72103974249965
608a7c026193ec3fde12e4be,{'dummy question': 'dummy'},Ict,swe111,Easy,mcq,39.934127974316766
608a7c026193ec3fde12e4bf,{'dummy question': 'dummy'},Ict,swe111,Hard,mcq,14.842745780631994
608a7c026193ec3fde12e4c0,{'dummy question': 'dummy'},Ict,swe111,Easy,mcq,37.49128066306518
608a7c026193ec3fde12e4c1,{'dummy question': 'dummy'},Ict,swe111,Hard,mcq,15.270790496213353
608a7c026193ec3fde12e4c2,{'dummy question': 'dummy'},Ict,swe111,Hard,mcq,14.954169335602614
608a7c026193ec3fde12e4c3,{'dummy question': 'dummy'},Ict,swe111,Easy,mcq,39.306883016293725
608a7c026193ec3fde12e4c4,{'dummy question': 'dummy'},Ict,swe111,Hard,mcq,14.804035998708358
608a7c026193ec3fde12e4c5,{'dummy question': 'dummy'},Ict,swe111,Easy,mcq,38.16565177373529
608a7c026193ec3fde12e4c6,{'dummy question': 'dummy'},Ict,swe111,Hard,mcq,13.487156255738345
608a7c026193ec3fde12e4c7,{'dummy question': 'dummy'},Ict,swe111,Hard,mcq,13.741386034652251
608a7c026193ec3fde12e4c8,{'dummy question': 'dummy'},Ict,swe111,Medium,mcq,23.106238067777294
608a7c026193ec3fde12e4c9,{'dummy question': 'dummy'},Ict,swe111,Easy,mcq,38.580100325789786
608a7c026193ec3fde12e4ca,{'dummy question': 'dummy'},Ict,swe111,Easy,mcq,36.16160835794077
608a7c026193ec3fde12e4cb,{'dummy question': 'dummy'},Ict,swe111,Hard,mcq,16.31947967144455
608a7c026193ec3fde12e4cc,{'dummy question': 'dummy'},Ict,swe111,Hard,mcq,14.444607820839291
608a7c026193ec3fde12e4cd,{'dummy question': 'dummy'},Ict,swe111,Medium,mcq,25.704730219091694
608a7c026193ec3fde12e4ce,{'dummy question': 'dummy'},Ict,swe111,Medium,mcq,21.772546077754743
608a7c026193ec3fde12e4cf,{'dummy question': 'dummy'},Ict,swe111,Medium,mcq,26.7766352569789
608a7c026193ec3fde12e4d0,{'dummy question': 'dummy'},Ict,swe111,Medium,mcq,25.8724083852359
608a7c026193ec3fde12e4d1,{'dummy question': 'dummy'},Ict,swe111,Hard,mcq,10.416352279378803
608a7c026193ec3fde12e4d2,{'dummy question': 'dummy'},Ict,swe111,Medium,mcq,18.037671207420118
608a7c026193ec3fde12e4d3,{'dummy question': 'dummy'},Ict,swe111,Easy,mcq,33.293560081328266
608a7c026193ec3fde12e4d4,{'dummy question': 'dummy'},Ict,swe111,Easy,mcq,38.22363624176506
608a7c026193ec3fde12e4d5,{'dummy question': 'dummy'},Ict,swe111,Hard,mcq,14.481962456604787
608a7c026193ec3fde12e4d6,{'dummy question': 'dummy'},Ict,swe111,Medium,mcq,22.200163533955376
608a7c026193ec3fde12e4d7,{'dummy question': 'dummy'},Ict,swe111,Hard,mcq,16.528425363978133
608a7c026193ec3fde12e4d8,{'dummy question': 'dummy'},Ict,swe111,Easy,mcq,32.480737753487716
608a7c026193ec3fde12e4d9,{'dummy question': 'dummy'},Ict,swe111,Easy,mcq,36.975345209128854
608a7c026193ec3fde12e4da,{'dummy question': 'dummy'},Ict,swe111,Easy,mcq,30.320390180726715
608a7c026193ec3fde12e4db,{'dummy question': 'dummy'},Ict,swe111,Easy,mcq,34.11911633894001
608a7c026193ec3fde12e4dc,{'dummy question': 'dummy'},Ict,swe111,Hard,mcq,13.607447274649598
608a7c026193ec3fde12e4dd,{'dummy question': 'dummy'},Ict,swe111,Easy,mcq,38.3656740364666
608a7c026193ec3fde12e4de,{'dummy question': 'dummy'},Ict,swe111,Medium,mcq,20.33399263067367
608a7c026193ec3fde12e4df,{'dummy question': 'dummy'},Ict,swe111,Hard,mcq,16.546955622593302
608a7c026193ec3fde12e4e0,{'dummy question': 'dummy'},Ict,swe111,Easy,mcq,31.636582382623995
608a7c026193ec3fde12e4e1,{'dummy question': 'dummy'},Ict,swe111,Medium,mcq,27.67209405006582
608a7c026193ec3fde12e4e2,{'dummy question': 'dummy'},Ict,swe111,Medium,mcq,18.724463163345938
608a7c026193ec3fde12e4e3,{'dummy question': 'dummy'},Ict,swe111,Medium,mcq,23.018012542488233
608a7c026193ec3fde12e4e4,{'dummy question': 'dummy'},Ict,swe111,Medium,mcq,24.453766838289653
608a7c026193ec3fde12e4e5,{'dummy question': 'dummy'},Ict,swe111,Medium,mcq,18.322430037579927
608a7c026193ec3fde12e4e6,{'dummy question': 'dummy'},Ict,swe111,Medium,mcq,25.254834327843987
608a7c026193ec3fde12e4e7,{'dummy question': 'dummy'},Ict,swe111,Easy,mcq,31.918091639917655
608a7c026193ec3fde12e4e8,{'dummy question': 'dummy'},Ict,swe111,Medium,mcq,23.982069414429382
608a7c026193ec3fde12e4e9,{'dummy question': 'dummy'},Ict,swe111,Easy,mcq,36.94628033369955
608a7c026193ec3fde12e4ea,{'dummy question': 'dummy'},Ict,swe111,Medium,wrq,28.809705047784274
608a7c026193ec3fde12e4eb,{'dummy question': 'dummy'},Ict,swe111,Medium,wrq,27.01343938369091
608a7c026193ec3fde12e4ec,{'dummy question': 'dummy'},Ict,swe111,Medium,wrq,36.28436537309364
608a7c026193ec3fde12e4ed,{'dummy question': 'dummy'},Ict,swe111,Medium,wrq,28.192259367834627
608a7c026193ec3fde12e4ee,{'dummy question': 'dummy'},Ict,swe111,Medium,wrq,27.87720014237699
608a7c026193ec3fde12e4ef,{'dummy question': 'dummy'},Ict,swe111,Medium,wrq,35.50627118821137
608a7c026193ec3fde12e4f0,{'dummy question': 'dummy'},Ict,swe111,Medium,wrq,36.60965533961685
608a7c026193ec3fde12e4f1,{'dummy question': 'dummy'},Ict,swe111,Medium,wrq,25.194155177721743
608a7c026193ec3fde12e4f2,{'dummy question': 'dummy'},Ict,swe111,Medium,wrq,25.50727537743569
608a7c026193ec3fde12e4f3,{'dummy question': 'dummy'},Ict,swe111,Medium,wrq,32.353010897532315
608a7c026193ec3fde12e4f4,{'dummy question': 'dummy'},Ict,swe111,Medium,wrq,34.432530201538675
608a7c026193ec3fde12e4f5,{'dummy question': 'dummy'},Ict,swe111,Medium,wrq,24.403891820496504
608a7c026193ec3fde12e4f6,{'dummy question': 'dummy'},Ict,swe111,Medium,wrq,38.8810607828716
608a7c026193ec3fde12e4f7,{'dummy question': 'dummy'},Ict,swe111,Medium,wrq,22.320818687252277
608a7c026193ec3fde12e4f8,{'dummy question': 'dummy'},Ict,swe111,Medium,wrq,24.829554466461722
608a7c026193ec3fde12e4f9,{'dummy question': 'dummy'},Ict,swe111,Medium,wrq,37.53344878588999
608a7c026193ec3fde12e4fa,{'dummy question': 'dummy'},Ict,swe111,Hard,mcq,15.605019823255056
608a7c026193ec3fde12e4fb,{'dummy question': 'dummy'},Ict,swe111,Easy,mcq,38.59750626470452
608a7c026193ec3fde12e4fc,{'dummy question': 'dummy'},Ict,swe111,Medium,mcq,23.595947571573205
608a7c026193ec3fde12e4fd,{'dummy question': 'dummy'},Ict,swe111,Hard,mcq,12.84751946325541
608a7c026193ec3fde12e4fe,{'dummy question': 'dummy'},Ict,swe111,Easy,mcq,37.802569186365986
608a7c026193ec3fde12e4ff,{'dummy question': 'dummy'},Ict,swe111,Hard,mcq,12.566905397215221
608a7c026193ec3fde12e500,{'dummy question': 'dummy'},Ict,swe111,Medium,mcq,25.1112764458547
608a7c026193ec3fde12e501,{'dummy question': 'dummy'},Ict,swe111,Medium,mcq,27.91387594746627
608a7c026193ec3fde12e502,{'dummy question': 'dummy'},Ict,swe111,Easy,mcq,31.277372634348815
608a7c026193ec3fde12e503,{'dummy question': 'dummy'},Ict,swe111,Hard,mcq,10.033017907501355
608a7c026193ec3fde12e504,{'dummy question': 'dummy'},Ict,swe111,Hard,mcq,15.654126235217802
608a7c026193ec3fde12e505,{'dummy question': 'dummy'},Ict,swe111,Medium,mcq,17.30668884089786
608a7c026193ec3fde12e506,{'dummy question': 'dummy'},Ict,swe111,Hard,mcq,11.045361102202767
608a7c026193ec3fde12e507,{'dummy question': 'dummy'},Ict,swe111,Medium,mcq,23.240166288864465
608a7c026193ec3fde12e508,{'dummy question': 'dummy'},Ict,swe111,Medium,mcq,18.94421469064232
608a7c026193ec3fde12e509,{'dummy question': 'dummy'},Ict,swe111,Medium,mcq,19.42224484293739
608a7c026193ec3fde12e50a,{'dummy question': 'dummy'},Ict,swe111,Easy,mcq,35.328864146626856
608a7c026193ec3fde12e50b,{'dummy question': 'dummy'},Ict,swe111,Medium,mcq,22.46309240710383
608a7c026193ec3fde12e50c,{'dummy question': 'dummy'},Ict,swe111,Hard,mcq,11.087765520448658
608a7c026193ec3fde12e50d,{'dummy question': 'dummy'},Ict,swe111,Easy,mcq,35.42732984821121
608a7c026193ec3fde12e50e,{'dummy question': 'dummy'},Ict,swe111,Hard,mcq,15.226584537787904
608a7c026193ec3fde12e50f,{'dummy question': 'dummy'},Ict,swe111,Hard,mcq,13.59336926053142
608a7c026193ec3fde12e510,{'dummy question': 'dummy'},Ict,swe111,Easy,mcq,38.61816594124056
608a7c026193ec3fde12e511,{'dummy question': 'dummy'},Ict,swe111,Hard,mcq,12.890336530937091
608a7c026193ec3fde12e512,{'dummy question': 'dummy'},Ict,swe111,Medium,mcq,29.22074813622404
608a7c026193ec3fde12e513,{'dummy question': 'dummy'},Ict,swe111,Medium,mcq,23.691691086097997
608a7c026193ec3fde12e514,{'dummy question': 'dummy'},Ict,swe111,Easy,mcq,38.384111824640534
608a7c026193ec3fde12e515,{'dummy question': 'dummy'},Ict,swe111,Hard,mcq,13.84068903318186
608a7c026193ec3fde12e516,{'dummy question': 'dummy'},Ict,swe111,Easy,mcq,30.828323463929824
608a7c026193ec3fde12e517,{'dummy question': 'dummy'},Ict,swe111,Easy,mcq,38.834260635139756
608a7c026193ec3fde12e518,{'dummy question': 'dummy'},Ict,swe111,Easy,mcq,30.35197349215716
608a7c026193ec3fde12e519,{'dummy question': 'dummy'},Ict,swe111,Easy,mcq,30.64185796817518
608a7c026193ec3fde12e51a,{'dummy question': 'dummy'},Ict,swe111,Easy,mcq,39.82437796346011
608a7c026193ec3fde12e51b,{'dummy question': 'dummy'},Ict,swe111,Easy,mcq,34.216141191008106
608a7c026193ec3fde12e51c,{'dummy question': 'dummy'},Ict,swe111,Medium,mcq,23.477914257387127
608a7c026193ec3fde12e51d,{'dummy question': 'dummy'},Ict,swe111,Medium,mcq,24.32551177759411
608a7c026193ec3fde12e51e,{'dummy question': 'dummy'},Ict,swe111,Easy,mcq,33.72236899834813
608a7c026193ec3fde12e51f,{'dummy question': 'dummy'},Ict,swe111,Medium,mcq,24.321915947166346
608a7c026193ec3fde12e520,{'dummy question': 'dummy'},Ict,swe111,Medium,mcq,17.127890623875366
608a7c026193ec3fde12e521,{'dummy question': 'dummy'},Ict,swe111,Easy,mcq,30.16696835902066
608a7c026193ec3fde12e522,{'dummy question': 'dummy'},Ict,swe111,Easy,mcq,39.42455635702914
608a7c026193ec3fde12e523,{'dummy question': 'dummy'},Ict,swe111,Medium,mcq,27.10467179799103
608a7c026193ec3fde12e524,{'dummy question': 'dummy'},Ict,swe111,Medium,mcq,25.515175219436045
608a7c026193ec3fde12e525,{'dummy question': 'dummy'},Ict,swe111,Hard,mcq,15.422307271772555
608a7c026193ec3fde12e526,{'dummy question': 'dummy'},Ict,swe111,Easy,mcq,38.584619026336256
608a7c026193ec3fde12e527,{'dummy question': 'dummy'},Ict,swe111,Easy,mcq,31.87817990003014
608a7c026193ec3fde12e528,{'dummy question': 'dummy'},Ict,swe111,Hard,mcq,11.565468393899947
608a7c026193ec3fde12e529,{'dummy question': 'dummy'},Ict,swe111,Medium,mcq,22.55959998328734
608a7c026193ec3fde12e52a,{'dummy question': 'dummy'},Ict,swe111,Hard,mcq,15.916160690198119
608a7c026193ec3fde12e52b,{'dummy question': 'dummy'},Ict,swe111,Easy,mcq,36.582353964405485
608a7c026193ec3fde12e52c,{'dummy question': 'dummy'},Ict,swe111,Medium,mcq,20.292134097048265
608a7c026193ec3fde12e52d,{'dummy question': 'dummy'},Ict,swe111,Medium,mcq,17.93482722382874
608a7c026193ec3fde12e52e,{'dummy question': 'dummy'},Ict,swe111,Hard,mcq,14.369733486255475
608a7c026193ec3fde12e52f,{'dummy question': 'dummy'},Ict,swe111,Hard,mcq,13.397005914884893
608a7c026193ec3fde12e530,{'dummy question': 'dummy'},Ict,swe111,Hard,mcq,10.207267695151886
608a7c026193ec3fde12e531,{'dummy question': 'dummy'},Ict,swe111,Medium,mcq,24.346786950749156
608a7c026193ec3fde12e532,{'dummy question': 'dummy'},Ict,swe111,Easy,mcq,31.651061566714333
608a7c026193ec3fde12e533,{'dummy question': 'dummy'},Ict,swe111,Medium,mcq,27.93084579400601
608a7c026193ec3fde12e534,{'dummy question': 'dummy'},Ict,swe111,Easy,mcq,37.32643594040442
608a7c026193ec3fde12e535,{'dummy question': 'dummy'},Ict,swe111,Medium,mcq,18.19634717190491
608a7c026193ec3fde12e536,{'dummy question': 'dummy'},Ict,swe111,Easy,mcq,32.03596208628592
608a7c026193ec3fde12e537,{'dummy question': 'dummy'},Ict,swe111,Medium,mcq,29.445421520387136
608a7c026193ec3fde12e538,{'dummy question': 'dummy'},Ict,swe111,Medium,mcq,23.69198503039346
608a7c026193ec3fde12e539,{'dummy question': 'dummy'},Ict,swe111,Medium,mcq,17.753266244354528
608a7c026193ec3fde12e53a,{'dummy question': 'dummy'},Ict,swe111,Easy,mcq,32.56127981910237
608a7c026193ec3fde12e53b,{'dummy question': 'dummy'},Ict,swe111,Easy,mcq,31.14778401733193
608a7c026193ec3fde12e53c,{'dummy question': 'dummy'},Ict,swe111,Easy,mcq,33.683597100240874
608a7c026193ec3fde12e53d,{'dummy question': 'dummy'},Ict,swe111,Hard,mcq,13.166657522525455
608a7c026193ec3fde12e53e,{'dummy question': 'dummy'},Ict,swe111,Easy,mcq,36.862139300241964
608a7c026193ec3fde12e53f,{'dummy question': 'dummy'},Ict,swe111,Easy,mcq,31.15103959744062
608a7c026193ec3fde12e540,{'dummy question': 'dummy'},Ict,swe111,Medium,mcq,20.407707727436012
608a7c026193ec3fde12e541,{'dummy question': 'dummy'},Ict,swe111,Easy,mcq,39.17748139440028
608a7c026193ec3fde12e542,{'dummy question': 'dummy'},Ict,swe111,Easy,mcq,36.95341363878241
608a7c026193ec3fde12e543,{'dummy question': 'dummy'},Ict,swe111,Medium,mcq,21.766299487049608
608a7c026193ec3fde12e544,{'dummy question': 'dummy'},Ict,swe111,Medium,mcq,27.97804907275197
608a7c026193ec3fde12e545,{'dummy question': 'dummy'},Ict,swe111,Easy,mcq,33.26700185063643
608a7c026193ec3fde12e546,{'dummy question': 'dummy'},Ict,swe111,Hard,mcq,13.439627652611396
608a7c026193ec3fde12e547,{'dummy question': 'dummy'},Ict,swe111,Medium,mcq,24.58392242892294
608a7c026193ec3fde12e548,{'dummy question': 'dummy'},Ict,swe111,Easy,mcq,38.51631817325091
608a7c026193ec3fde12e549,{'dummy question': 'dummy'},Ict,swe111,Hard,mcq,14.920777903983257
608a7c026193ec3fde12e54a,{'dummy question': 'dummy'},Ict,swe111,Medium,mcq,29.804711056390147
608a7c026193ec3fde12e54b,{'dummy question': 'dummy'},Ict,swe111,Easy,mcq,39.56355221294018
608a7c026193ec3fde12e54c,{'dummy question': 'dummy'},Ict,swe111,Easy,mcq,33.75946019631468
608a7c026193ec3fde12e54d,{'dummy question': 'dummy'},Ict,swe111,Easy,mcq,33.675785023770985
608a7c026193ec3fde12e54e,{'dummy question': 'dummy'},Ict,swe111,Medium,mcq,29.252589636873985
608a7c026193ec3fde12e54f,{'dummy question': 'dummy'},Ict,swe111,Easy,mcq,31.05423469234133
608a7c026193ec3fde12e550,{'dummy question': 'dummy'},Ict,swe111,Medium,mcq,27.24891538788433
608a7c026193ec3fde12e551,{'dummy question': 'dummy'},Ict,swe111,Easy,mcq,37.15119712139483
608a7c026193ec3fde12e552,{'dummy question': 'dummy'},Ict,swe111,Easy,mcq,31.560323927088003
608a7c026193ec3fde12e553,{'dummy question': 'dummy'},Ict,swe111,Easy,mcq,31.73927354374421
608a7c026193ec3fde12e554,{'dummy question': 'dummy'},Ict,swe111,Medium,mcq,27.647364717606916
608a7c026193ec3fde12e555,{'dummy question': 'dummy'},Ict,swe111,Easy,mcq,38.511600877457866
608a7c026193ec3fde12e556,{'dummy question': 'dummy'},Ict,swe111,Easy,mcq,37.63587146214655
608a7c026193ec3fde12e557,{'dummy question': 'dummy'},Ict,swe111,Medium,mcq,25.523663219001577
608a7c026193ec3fde12e558,{'dummy question': 'dummy'},Ict,swe111,Hard,mcq,12.226443856978893
608a7c026193ec3fde12e559,{'dummy question': 'dummy'},Ict,swe111,Medium,mcq,19.451508551981753
608a7c026193ec3fde12e55a,{'dummy question': 'dummy'},Ict,swe111,Medium,mcq,29.559407266140877
608a7c026193ec3fde12e55b,{'dummy question': 'dummy'},Ict,swe111,Easy,mcq,39.53058538926301
608a7c026193ec3fde12e55c,{'dummy question': 'dummy'},Ict,swe111,Medium,mcq,27.46927956010905
608a7c026193ec3fde12e55d,{'dummy question': 'dummy'},Ict,swe111,Easy,mcq,32.56989461287448
608a7c026193ec3fde12e55e,{'dummy question': 'dummy'},Ict,swe111,Medium,wrq,34.70684963162859
608a7c026193ec3fde12e55f,{'dummy question': 'dummy'},Ict,swe111,Medium,wrq,34.39882664985084
608a7c026193ec3fde12e560,{'dummy question': 'dummy'},Ict,swe111,Medium,wrq,27.602692951315547
608a7c026193ec3fde12e561,{'dummy question': 'dummy'},Ict,swe111,Medium,wrq,27.456005926414875
608a7c026193ec3fde12e562,{'dummy question': 'dummy'},Ict,swe111,Medium,wrq,35.365342378863005
608a7c026193ec3fde12e563,{'dummy question': 'dummy'},Ict,swe111,Medium,wrq,24.38109438920104
608a7c026193ec3fde12e564,{'dummy question': 'dummy'},Ict,swe111,Medium,wrq,36.25789204190764
608a7c026193ec3fde12e565,{'dummy question': 'dummy'},Ict,swe111,Medium,wrq,33.67184026959724
608a7c026193ec3fde12e566,{'dummy question': 'dummy'},Ict,swe111,Medium,wrq,37.256213600314716
608a7c026193ec3fde12e567,{'dummy question': 'dummy'},Ict,swe111,Medium,wrq,36.31862438373175
608a7c026193ec3fde12e568,{'dummy question': 'dummy'},Ict,swe111,Medium,wrq,28.32925247449559
608a7c026193ec3fde12e569,{'dummy question': 'dummy'},Ict,swe111,Medium,wrq,26.705372534306264
608a7c026193ec3fde12e56a,{'dummy question': 'dummy'},Ict,swe111,Medium,wrq,28.744233124396015
608a7c026193ec3fde12e56b,{'dummy question': 'dummy'},Ict,swe111,Medium,wrq,25.756209388851467
608a7c026193ec3fde12e56c,{'dummy question': 'dummy'},Ict,swe111,Medium,wrq,28.575650957076636
